tt,Page,BrandLocale,EL-CE,MC-CE,CL-CE,MC-MX,CL-MX,OR-MX,EL-MX,BB-MX,LM-MX,MC-BR,CL-BR,LM-BR,JM-BR,AV-MX,TF-BR,EL-BR,JM-MX
1,CONFIG ,timeoutSetting,100000,100000,100000,100000,100000,100000,100000,100000,100000,140000,100000,180000,100000,100000,100000,100000,100000
1,CONFIG ,emulationDevice,iPhone X,iPhone X,iPhone X,iPhone X,iPhone X,iPhone X,iPhone X,iPhone X,iPhone X,Galaxy Note II,iPhone X,Galaxy Note II,Galaxy Note II,iPhone X,Galaxy Note II,Galaxy Note II,iPhone X
1,ADMIN,productURL,//shared//prodcat//sku_info.tmpl?SKU_ID=,//shared//prodcat//sku_info.tmpl?SKU_ID=,//shared//prodcat//sku_info.tmpl?SKU_ID=,//shared//prodcat//sku_info.tmpl?SKU_ID=,//shared//prodcat//sku_info.tmpl?SKU_ID=,//shared//prodcat//sku_info.tmpl?SKU_ID=,//shared//prodcat//sku_info.tmpl?SKU_ID=,//shared//prodcat//sku_info.tmpl?SKU_ID=,//shared//prodcat//sku_info.tmpl?SKU_ID=,//shared//prodcat//sku_info.tmpl?SKU_ID=,//shared//prodcat//sku_info.tmpl?SKU_ID=,//shared//prodcat//sku_info.tmpl?SKU_ID=,//shared//prodcat//sku_info.tmpl?SKU_ID=,//shared//prodcat//sku_info.tmpl?SKU_ID=,//shared//prodcat//sku_info.tmpl?SKU_ID=,//shared//prodcat//sku_info.tmpl?SKU_ID=,//shared//prodcat//sku_info.tmpl?SKU_ID=
1,ADMIN,testOfferUrl,//shared//offers//offers2.tmpl?testing_global_offers=1,//shared//offers//offers2.tmpl?testing_global_offers=1,//shared//offers//offers2.tmpl?testing_global_offers=1,//shared//offers//offers2.tmpl?testing_global_offers=1,//shared//offers//offers2.tmpl?testing_global_offers=1,//shared//offers//offers2.tmpl?testing_global_offers=1,//shared//offers//offers2.tmpl?testing_global_offers=1,//shared//offers//offers2.tmpl?testing_global_offers=1,//shared//offers//offers2.tmpl?testing_global_offers=1,//shared//offers//offers2.tmpl?testing_global_offers=1,//shared//offers//offers2.tmpl?testing_global_offers=1,//shared//offers//offers2.tmpl?testing_global_offers=1,//shared//offers//offers2.tmpl?testing_global_offers=1,//shared//offers//offers2.tmpl?testing_global_offers=1,//shared//offers//offers2.tmpl?testing_global_offers=1,//shared//offers//offers2.tmpl?testing_global_offers=1,//shared//offers//offers2.tmpl?testing_global_offers=1
1,CONFIG ,customTimeout,,,,,,,,,,,,TRUE,TRUE,,,,
1,SHIPPING,addressSuggestion,,,,,,,,,,,TRUE,,,,TRUE,TRUE,
1,VIEWCART,CheckoutContBtn,//a[@data-test-id='cart_primarycheckout_unhide'],//a[@data-test-id='cart_primarycheckout'],//a[@data-test-id='cart_primarycheckout'],"//a[contains(@data-test-id,'cart_primarycheckout')]","//a[contains(@data-test-id,'cart_primarycheckout')]",//div[@class='checkout-button']/a,//a[@data-test-id='cart_primarycheckout'],//a[@data-test-id='cart_primarycheckout'],//div[@class='continue-buttons']//a[@data-test-id='cart_primarycheckout'],"//a[contains(@class,'continue-checkout')]|//input[contains(@class,'btn--fixed_width form-submit')]",//a[@data-test-id='cart_primarycheckout'],(//*[@data-test-id='cart_primarycheckout'])[3],//a[@data-test-id='cart_primarycheckout'],//a[@data-test-id='cart_primarycheckout'],//a[@data-test-id='cart_primarycheckout']|//input[@data-test-id='form_checkout_shipping_panel_continue'],//a[@data-test-id='cart_primarycheckout'],"//a[contains(@data-test-id,'cart_primarycheckout')]"
1,VIEWCART,checkoutBtnId,//a[@data-test-id='cart_primarycheckout'],"//a[contains(@class,'continue-checkout')]",//a[@data-test-id='cart_primarycheckout'],"//a[contains(@class,'continue-checkout')]","//a[contains(@data-test-id,'cart_primarycheckout')]",//div[@class='checkout-button']/a,//a[@data-test-id='cart_primarycheckout']|//div/div//div//div//a[@data-test-id='choose-continue-checkout'],//a[@data-test-id='cart_primarycheckout'],//a[@class='btn btn-primary form-submit continue-checkout'],"//a[contains(@class,'continue-checkout')]",//a[@data-test-id='cart_primarycheckout'],"//a[contains(@class, 'form-submit continue')]",//a[@data-test-id='cart_primarycheckout']|//a[ @class='button btn btn-primary mobile-only'],"//a[contains(text(),'PAGAR')]",//a[@data-test-id='cart_primarycheckout'],//a[@data-test-id='cart_primarycheckout'],//a[@data-test-id='cart_primarycheckout']
1,CHECKOUTSIGNIN,fullNameId,,,,,,,,,,#form--checkout_registration--field--FULL_NAME,#form--checkout_registration--field--FULL_NAME,#form--checkout_registration--field--FULL_NAME,#form--checkout_registration--field--FULL_NAME,,#form--checkout_registration--field--FULL_NAME,#form--checkout_registration--field--FULL_NAME,
1,CHECKOUTSIGNIN,cpfNumId,,,,,,,,,,,,,,,,,
1,SHIPPING,fullNameTwoId,,,,,,,,,,//input[@data-test-id='shipping-full-name-input'],//input[@data-test-id='shipping-full-name-input'],#shipping-full-name-input,//input[@data-test-id='shipping-full-name-input'],,//input[@data-test-id='shipping-full-name-input'],//input[@data-test-id='shipping-full-name-input'],
1,SHIPPING,fullNameThreeId,,,,,,,,,,,,,,,,,
1,SHIPPING,addressFourId,,,,,,,,,,,,,,,,,
1,SHIPPING,phoneFIveId,,,,,,,,,,,,,,,,,
1,SHIPPING,phoneSixId,,,,,,,,,,,,,,,,,
1,CHECKOUTSIGNIN,newEmailField,"//input[contains(@id,'field--NEW_USER_EMAIL_ADDRESS')]","//input[contains(@id,'field--NEW_USER_EMAIL_ADDRESS')]","//input[contains(@id,'field--NEW_USER_EMAIL_ADDRESS')]","//input[contains(@id,'field--NEW_USER_EMAIL_ADDRESS')]","//input[contains(@id,'field--NEW_USER_EMAIL_ADDRESS')]","//input[contains(@id,'field--NEW_USER_EMAIL_ADDRESS')]","//input[contains(@id,'field--NEW_USER_EMAIL_ADDRESS')]","//input[contains(@id,'field--NEW_USER_EMAIL_ADDRESS')]","//input[contains(@id,'field--NEW_USER_EMAIL_ADDRESS')]","//input[contains(@id,'field--PC_EMAIL_ADDRESS')]","//input[contains(@id,'field--PC_EMAIL_ADDRESS')]",#form--checkout_registration--field--PC_EMAIL_ADDRESS,"//input[contains(@id,'form--checkout_registration--field--PC_EMAIL_ADDRESS')]","//input[contains(@id,'field--NEW_USER_EMAIL_ADDRESS')]","//input[contains(@id,'field--PC_EMAIL_ADDRESS')]","//input[contains(@id,'field--PC_EMAIL_ADDRESS')]",//*[@id='form--checkout_signin_new_user--field--NEW_USER_EMAIL_ADDRESS']
1,CHECKOUTSIGNIN,rutFieldThree,,,,,,,,,,,,,,,,,
1,CHECKOUTSIGNIN,rutField,"//input[contains(@id,'field--NATIONAL_ID1')]","//input[contains(@id,'field--NATIONAL_ID1')]","//input[contains(@id,'field--NATIONAL_ID1')]",,,,,,,,,,,,,,
1,CHECKOUTSIGNIN,passwordTwoId,,,,,,,,,,#form--checkout_registration--field--PASSWORD,#form--checkout_registration--field--PASSWORD,#form--checkout_registration--field--PASSWORD,#form--checkout_registration--field--PASSWORD,,#form--checkout_registration--field--PASSWORD,#form--checkout_registration--field--PASSWORD,
1,CHECKOUTSIGNIN,cpfId,,,,,,,,,,#form--federal_id_check--field--FEDERAL_ID1,#form--federal_id_check--field--FEDERAL_ID1,#form--federal_id_check--field--FEDERAL_ID1,#form--federal_id_check--field--FEDERAL_ID1,,#form--federal_id_check--field--FEDERAL_ID1,#form--federal_id_check--field--FEDERAL_ID1,
1,CHECKOUTSIGNIN,continueId,"//input[contains(@id,'new_user-submit')]",//input[@data-test-id='form_signin_newuser_submit'],//input[@data-test-id='form_signin_newuser_submit'],//input[@data-test-id='form_signin_newuser_submit'],//input[@data-test-id='form_signin_newuser_submit'],"//input[contains(@id,'new_user-submit')]","//input[contains(@id,'new_user-submit')]","//input[contains(@id,'new_user-submit')]",//input[@data-test-id='form_checkout_signin_new_user_submit'],"//input[contains(@id,'checkout_signin_guest_user-submit')]","//input[contains(@class,'btn btn-primary form-submit')]",//input[@id='checkout_registration-submit'],//input[@class='btn btn-primary form-submit'],"//input[contains(@id,'new_user-submit')]",//input[@data-test-id='form_checkout_signin_new_user_submit'],//input[@id='checkout_signin_guest_user-submit'],//*[@id='checkout_signin_guest_user-submit']
1,SHIPPING,firstNameId,"//input[contains(@id,'shipping-first-name-input')]","//input[contains(@id,'shipping-first-name-input')]","//input[contains(@id,'shipping-first-name-input')]","//input[contains(@id,'shipping-first-name-input')]",//input[@id='shipping-first-name-input'],"//input[contains(@id,'shipping-first-name-input')]","//input[contains(@id,'shipping-first-name-input')]","//input[contains(@id,'field--FIRST_NAME')]",//input[@id='shipping-first-name-input'],,,,,"//input[contains(@id,'field--FIRST_NAME')]",,,//input[@id='shipping-first-name-input']
1,SHIPPING,lastNameId,"//input[contains(@id,'shipping-last-name-input')]","//input[contains(@id,'shipping-last-name-input')]","//input[contains(@id,'shipping-last-name-input')]","//input[contains(@id,'shipping-last-name-input')]",//input[@id='shipping-last-name-input'],"//input[contains(@id,'shipping-last-name-input')]","//input[contains(@id,'shipping-last-name-input')]","//input[contains(@id,'field--LAST_NAME')]",//input[@id='shipping-last-name-input'],,,,,"//input[contains(@id,'field--LAST_NAME')]",,,//input[@id='shipping-last-name-input']
1,SHIPPING,addressOneId,"//input[contains(@id,'shipping-first-line-input')]","//input[contains(@id,'shipping-first-line-input')]","//input[contains(@id,'shipping-first-line-input')]","//input[contains(@id,'shipping-first-line-input')]",//input[@id='shipping-first-line-input'],"//input[contains(@id,'shipping-first-line-input')]","//input[contains(@id,'shipping-first-line-input')]","//input[contains(@id,'field--ADDRESS1')]",//input[@id='shipping-first-line-input'],,,,,"//input[contains(@id,'field--ADDRESS1')]",,,//input[@data-test-id='form_address_first_line_field']
1,SHIPPING,addressTwoId,"//input[contains(@id,'shipping-second-line-input')]","//input[contains(@id,'shipping-second-line-input')]","//input[contains(@id,'shipping-second-line-input')]","//input[contains(@id,'shipping-second-line-input')]",//input[@id='shipping-second-line-input'],,//*[@id='shipping-second-line-input'],"//input[contains(@id,'field--ADDRESS2')]",//input[@id='shipping-second-line-input'],,,,,"//input[contains(@id,'field--ADDRESS2')]",,"//input[contains(@data-test-id,'form_address_second_line_field')]",//input[@id='shipping-second-line-input']
1,SHIPPING,regionId,,,,,,,,,,,,,,,,,
1,SHIPPING,zipcodeDrpId,,,,,,,,,,,,,,,,,
1,SHIPPING,cityId,,,,,,,,,,,,,,,,,
1,SHIPPING,stateId,,,,,,,,,,,,,,,,,
1,SHIPPING,mobColonyId,,,,,,,,,,,,,,,,,
1,SHIPPING,colonyId,,,,,,,,COLONY,,,,,,COLONY,,,
1,SHIPPING,phoneOneId,//*[@data-test-id='form_phone_field'],//*[@data-test-id='form_phone_field'],//*[@data-test-id='form_phone_field'],//*[@data-test-id='form_phone_field'],//*[@data-test-id='form_phone_field'],"//input[contains(@id,'shipping-number-input')]",//*[@data-test-id='form_phone_field'],"//input[contains(@id,'field--PHONE1')]",//*[@data-test-id='form_phone_field'],//*[@data-test-id='form_phone_field'],//*[@data-test-id='form_phone_field'],//*[@data-test-id='form_phone_field'],//*[@data-test-id='form_phone_field'],"//input[contains(@id,'field--PHONE1')]",//input[@data-test-id='form_phone_field'],"//input[contains(@data-test-id,'form_phone_field')]",//*[@data-test-id='form_phone_field']
1,SHIPPING,phoneTwoId,,,,,,,,,,,,,,,,,
1,SHIPPING,submitId,//button[@data-test-id='dp_continue_checkout'],//button[@data-test-id='dp_continue_checkout'],//button[@data-test-id='dp_continue_checkout'],//button[@data-test-id='dp_continue_checkout'],//button[@data-test-id='dp_continue_checkout'],//button[@data-test-id='dp_continue_checkout'],//button[@data-test-id='dp_continue_checkout'],//input[@class='btn btn-primary form-submit'],//button[@data-test-id='dp_continue_checkout'],//button[@data-test-id='dp_continue_checkout'],//button[@data-test-id='dp_continue_checkout'],//button[@data-test-id='dp_continue_checkout'],//button[@data-test-id='dp_continue_checkout'],"//input[contains(@class,'checkout__button form-submit')]","//button[@data-test-id='dp_continue_checkout']",//button[@data-test-id='dp_continue_checkout'],//button[@data-test-id='dp_continue_checkout']
1,SHIPPING,passwordHintId,,,,,,,,,,,,,,,,,
1,SHIPPING,passwordTwoFieldId,,,,,,,,,,,,,,,,,
1,SHIPPING,passwordFieldId,,,,,,,,,,,,,,,,,
1,SHIPPING,acceptPrivacyCheckboxTwo,,,,,,,,,,,,,,,,,
1,SHIPPING,acceptPrivacyCheckbox,,,,,,,,,,,,,,,,,
1,SHIPPING,deselectPrivacyCheckbox,,,,,,,,,,,,,,,,,
1,SHIPPING,acceptPrivacyCheckboxNine,,,,,,,,,,#form--checkout_registration--field--ACCEPTED_PRIVACY_POLICY,#form--checkout_registration--field--ACCEPTED_PRIVACY_POLICY,#form--checkout_registration--field--ACCEPTED_PRIVACY_POLICY,#form--checkout_registration--field--ACCEPTED_PRIVACY_POLICY,,#form--checkout_registration--field--ACCEPTED_PRIVACY_POLICY,#form--checkout_registration--field--ACCEPTED_PRIVACY_POLICY,
1,SHIPPING,submitBtn,,,,,,,,,,,,,//button[@data-test-id='dp_continue_checkout'],,,,
1,PAYMENT,creditCardBtn,"//span[contains(@data-test-id,'pp_radio_button_MercadoPago_PP_M')]","//span[contains(@data-test-id,'pp_radio_button_MercadoPago_PP_M')]","//span[contains(@data-test-id,'pp_radio_button_MercadoPago_PP_M')]","//span[contains(@data-test-id,'pp_radio_button_MercadoPago_PP_M')]","//span[contains(@data-test-id,'pp_radio_button_MercadoPago_PP_M')]","//span[contains(@data-test-id,'pp_radio_button_MercadoPago_PP_M')]","//span[contains(@data-test-id,'pp_radio_button_MercadoPago_PP_M')]",#form--checkout_billing--field--PAYMENT_METHOD--index--pp_mpcc,"//span[contains(@data-test-id,'pp_radio_button_MercadoPago_PP_M')]",,,,//span[@data-test-id='pp_radio_button_AdyenWeb_AWCCC'],#form--checkout_billing--field--PAYMENT_METHOD--index--pp_mpcc,//span[@data-test-id='pp_radio_button_AdyenWeb_AWCCC'],//span[@data-test-id='pp_radio_button_AdyenWeb_AWCCC'],//span[@data-test-id='pp_radio_button_MercadoPago_PP_MPCC']
1,PAYMENT,cardholderName,"//input[contains(@id,'cardHolderName')]","//input[contains(@id,'cardHolderName')]","//input[contains(@id,'cardHolderName')]","//input[contains(@id,'cardHolderName')]","//input[contains(@id,'cardHolderName')]","//input[contains(@id,'cardHolderName')]","//input[contains(@id,'cardHolderName')]","//input[contains(@id,'field--CARDHOLDER_NAME')]","//input[contains(@id,'cardHolderName')]",,,,//input[@name='holderName'],"//input[contains(@id,'field--CARDHOLDER_NAME')]",//input[@name='holderName'],//input[@name='holderName'],//*[@id='cardHolderName']
1,CHECKOUTSIGNIN,loginAsRuBtn,,,,,,,,.checkout__toggle__return-user__link.js-checkout__toggle__return-user__link.link,,,,,,,,,//*[@id='returning-customer-radio']
1,PAYMENT,creditCardFieldId,#cardNumber,#cardNumber,#cardNumber,#cardNumber,#cardNumber,#cardNumber,#cardNumber,#form--checkout_billing--field--CARD_NUMBER,#cardNumber,,,,"//input[contains(@id,'adyen-checkout-encryptedCardNumber')]",#form--checkout_billing--field--CARD_NUMBER,"//input[contains(@id,'adyen-checkout-encryptedCardNumber')]","//input[contains(@id,'adyen-checkout-encryptedCardNumber')]",#cardNumber
1,PAYMENT,creditCardExpMonthId,,,,,,,,,,,,,,,,,
1,PAYMENT,creditCardExpYearId,,,,,,,,#form--checkout_billing--field--EXPIRES_YEAR,,,,,,#form--checkout_billing--field--EXPIRES_YEAR,,,#expiryDate
1,PAYMENT,expDateId,#expiryDate,#expiryDate,#expiryDate,#expiryDate,#expiryDate,#expiryDate,#expiryDate,,#expiryDate,,,,"//input[contains(@id,'adyen-checkout-encryptedExpiryDate')]",,"//input[contains(@id,'adyen-checkout-encryptedExpiryDate')]","//input[contains(@id,'adyen-checkout-encryptedExpiryDate')]",
1,PAYMENT,cvvFieldId,#cvc,#cvc,#cvc,#cvc,#cvc,#cvc,#cvc,#form--checkout_billing--field--CVV,#cvc,,,,"//input[contains(@id,'adyen-checkout-encryptedSecurityCode')]",#form--checkout_billing--field--CVV,"//input[contains(@id,'adyen-checkout-encryptedSecurityCode')]","//input[contains(@id,'adyen-checkout-encryptedSecurityCode')]",#cvc
1,SAMPLES,samplePageId,//input[@data-test-id='samples-continue-submit'],//div[@data-test-id='form_checkout_samples_continue'],//div[@data-test-id='form_checkout_samples_continue'],//a[@class='afterpay-eligible btn btn--big btn-primary continue-checkout pc-hidden'],,//div[@class='continue-shopping-button button'],//input[@data-test-id='samples-continue-submit'],,,,//a[@class='continue-checkout-link'],//*[@data-test-id='form_checkout_samples_continue'],,//a[@data-test-id='form_checkout_samples_continue'],,//input[@data-test-id='samples-continue-submit'],
1,PAYMENT,cashPaymentId,,,,,,//span[text()='En efectivo'],,,,"//span[contains(@data-test-id,'pp_radio_button_AdyenWeb_AWCBoleto')]","//span[contains(@data-test-id,'pp_radio_button_AdyenWeb_AWCBoleto')]",//span[@data-test-id='pp_radio_button_AdyenWeb_AWCBoleto'],"//span[contains(@data-test-id,'pp_radio_button_AdyenWeb_AWCBoleto')]",,"//span[contains(@data-test-id,'pp_radio_button_AdyenWeb_AWCBoleto')]",//span[@data-test-id='pp_radio_button_AdyenWeb_AWCBoleto'],
1,PAYMENT,cashTypeId,,,,,,,,,,,,,,,,,
1,PAYMENT,placeOrderId,,,,,,//span[text()='Hacer Pedido'],,,,//span[@class='adyen-checkout__button__text'],//span[@class='adyen-checkout__button__text'],"//span[contains(@class,'adyen-checkout__button__content')]",//span[@class='adyen-checkout__button__text'],,//span[@class='adyen-checkout__button__text'],"//span[contains(@class,'adyen-checkout__button__content')]",
1,ORDERREVIEW,orderNoId,,,,,"//div[contains(@class,'content confirmation-panel')]/p","//div[contains(@class,'checkout__panel--content')]/p",,,,"//span[contains(@class,'confirmation-panel')]","//p[contains(@class,'confirmation-panel__confirm-text--not-signedin')]",//a[@data-test-id='order_id'],//span[@data-test-id='order_id'],//*[@data-test-id='order_id'],"//p[contains(@class,'confirmation-content__confirm')]",//p[@class='confirmation-panel__confirm-text--signedin'],
1,CHECKOUTSIGNIN,returnUserSignInLink,//input[@id='checkout_signin-submit'],"//input[contains(@id,'signin-submit')]","//input[contains(@id,'signin-submit')]","//input[contains(@id,'signin-submit')]",//input[@data-test-id='form_checkout_signin_submit'],//input[@id='checkout_signin-submit'],//input[@id='checkout_signin-submit'],//input[@id='checkout_signin-submit'],//input[@data-test-id='form_signin_continue'],//input[@data-test-id='form_checkout_signin_submit'],//input[@data-test-id='form_checkout_signin_submit'],//input[@data-test-id='form_signin_continue'],"//input[contains(@class,'return-user__submit')]",//input[@data-test-id='form_signin_continue'],//input[@data-test-id='form_signin_continue'],//input[@class='btn btn-primary form-submit return-user__submit'],#checkout_signin-submit
1,SHIPPING,fullNameOneId,,,,,,,,,,,,,,,,,
1,SHIPPING,finalSubmitId,,,,,,,,,,,,,,,,,
1,SHIPPING,acceptPrivacyCheckboxFour,,,,,,,,,,,,,,,,,
1,SHIPPING,phone3Id,,,,,,,,,,,,,,,,,
1,SHIPPING,phone4Id,,,,,,,,,,,,,,,,,
1,SHIPPING,address3Id,,,,,,,,,,,,,,,,,
1,SHIPPING,zipcodeSearchId,,,,,,,,,,,,,,,,,
1,SHIPPING,zipcode2Id,,,,,,,,,,,,,,,,,
1,SHIPPING,zipcode3Id,,,,,,,,,,,,,,,,,
1,SHIPPING,birthdayId,,,,,,,,,,,,,,,,,
1,SHIPPING,birthmonthId,,,,,,,,,,,,,,,,,
1,SHIPPING,birthyearId,,,,,,,,,,,,,,,,,
1,CHECKOUTSIGNIN,genderRadiobtn,,,,,,,,,,,,,,,,,
1,CHECKOUTSIGNIN,returnUserId,#form--checkout-_-checkout_signin--field--EMAIL_ADDRESS,#form--checkout-_-checkout_signin--field--EMAIL_ADDRESS,//input[@data-test-id='form_signin_email'],#form--checkout-_-checkout_signin--field--EMAIL_ADDRESS,//input[@data-test-id='form_signin_email'],#form--checkout-_-checkout_signin--field--EMAIL_ADDRESS,#form--checkout-_-checkout_signin--field--EMAIL_ADDRESS,#form--checkout-_-checkout_signin--field--EMAIL_ADDRESS,//input[@id='form--checkout-_-checkout_signin--field--EMAIL_ADDRESS'],#form--checkout-_-checkout_signin--field--EMAIL_ADDRESS,//input[@data-test-id='form_signin_email'],#form--checkout-_-checkout_signin--field--EMAIL_ADDRESS,//input[@data-test-id='form_signin_email'],#form--checkout-_-checkout_signin--field--EMAIL_ADDRESS,#form--checkout-_-checkout_signin--field--EMAIL_ADDRESS,#form--checkout-_-checkout_signin--field--EMAIL_ADDRESS,//input[@data-test-id='form_signin_email']
1,CHECKOUTSIGNIN,returnUserPwd,#form--checkout-_-checkout_signin--field--PASSWORD,#form--checkout-_-checkout_signin--field--PASSWORD,//input[@data-test-id='form_signin_password'],#form--checkout-_-checkout_signin--field--PASSWORD,//input[@data-test-id='form_signin_password'],#form--checkout-_-checkout_signin--field--PASSWORD,#form--checkout-_-checkout_signin--field--PASSWORD,#form--checkout-_-checkout_signin--field--PASSWORD,//input[@id='form--checkout-_-checkout_signin--field--PASSWORD'],#form--checkout-_-checkout_signin--field--PASSWORD,//input[@data-test-id='form_signin_password'],#form--checkout-_-checkout_signin--field--PASSWORD,//input[@data-test-id='form_signin_password'],#form--checkout-_-checkout_signin--field--PASSWORD,#form--checkout-_-checkout_signin--field--PASSWORD,#form--checkout-_-checkout_signin--field--PASSWORD,//input[@data-test-id='form_signin_password']
1,CHECKOUTSIGNIN,ruCheckboxId,#returning-customer-radio,#returning-customer-radio,#returning-customer-radio,#returning-customer-radio,#returning-customer-radio,#returning-customer-radio,#returning-customer-radio,,,#returning-customer-radio,#returning-customer-radio,,#returning-customer-radio,,#returning-customer-radio,#returning-customer-radio,#returning-customer-radio
1,PAYMENT,monthFiledid,,,,,,,,"//input[contains(@id,'field--EXPIRES_MONTH')]",,,,,,"//input[contains(@id,'field--EXPIRES_MONTH')]",,,//*[@id='expiryDate']
1,PAYMENT,expYearDropdownId,,,,,,,,,,,,,,,,,
1,SHIPPING,zipcodeId,"//input[contains(@id,'shipping-zip-code-input')]",,,"//input[contains(@id,'shipping-zip-code-input')]",//input[@id='shipping-zip-code-input'],"//input[contains(@id,'shipping-zip-code-input')]","//input[contains(@id,'shipping-zip-code-input')]","//input[contains(@id,'field--POSTAL_CODE')]",//input[@id='shipping-zip-code-input'],//input[@id='shipping-zip-code-input'],//input[@id='shipping-zip-code-input'],//input[@id='shipping-zip-code-input'],//input[@id='shipping-zip-code-input'],"//input[contains(@id,'field--POSTAL_CODE')]",//input[@data-test-id='form_address_zipcode_field'],"//input[contains(@data-test-id,'form_address_zipcode_field')]",//input[@id='shipping-zip-code-input']
1,VIEWCART,selectQtyDropDown,,,,,,,,QTY,,,,QTY,QTY,QTY,QTY,,QTY
1,VIEWCART,selectQty,//span[@class='icon icon--plus'],//span[@class='icon icon--plus'],//span[@class='icon icon--plus'],//input[@name='QTY']/following-sibling::button[*],//input[@name='QTY']/following-sibling::button[*],"//button[contains(@class,'js-quantity-button js-quantity-button-increase')]",//span[@class='icon icon--plus'],,//select[@data-test-id='cart_select_quantity'],//span[@class='icon icon--plus'],//span[@class='icon icon--plus'],,,,,//span[@class='icon icon--plus'],//input[@name='QTY']/following-sibling::button[*]
1,VIEWCART,selectQtyDropdown1,,,,,,,,,,,,,,,,,
1,VIEWCART,removeProductId,"//a[contains(@data-test-id,'remove')]","//a[contains(@data-test-id,'remove')]","//a[contains(@data-test-id,'remove')]","//a[contains(@data-test-id,'remove')]","//a[contains(@data-test-id,'remove')]","//button[contains(@data-test-id,'cart_product_remove')]","//a[contains(@class,'remove')]",//a[@data-test-id='cart_product_remove'],"//a[contains(@data-test-id,'remove')]","//a[contains(@class,'remove')]","//a[contains(@class,'remove')]","//a[contains(@class,'remove')]","//a[contains(@class,'remove')]","//a[contains(@class,'remove')]","//a[contains(@class,'remove')]","//a[contains(@class,'remove')]",//span[@data-test-id='cart_product_remove']
1,VIEWCART,removeProductAssert,//div[@id='error_cart.empty'],//div[@id='error_cart.empty'],//h2[@class='cart-info'],//div[@id='error_cart.empty'],//h2[@class='cart-info'],//div[@id='error_cart.empty'],//div[@id='error_cart.empty'],//div[@id='error_cart.empty'],//*[@id='error_cart.empty'],//div[@id='error_cart.empty'],//div[@class='empty-cart-message'],//*[@id='error_cart.empty'],,//div[@id='error_cart.empty'],//div[@id='error_cart.empty'],//div[@id='error_cart.empty'],//div[@id='error_cart.empty']
1,ACCOUNTSIGNUP,actSignupId,//span[@data-test-id='gnav_account_menu_login'],.site-my-mac-v1.site-my-mac a#site-my-mac,//a[@title='Regístrate'],.site-my-mac-v1.site-my-mac a#site-my-mac,.header-gnav-account-link__inner a.header-gnav-account-link__top-sign-in.js-login-status--anonymous,.utility-nav__signin-text a.utility-nav__account-text-link.js-utility-nav-overlay.menu__link.menu__link--lvl-1.js-utility-nav-link,//a[@class='user-greeting'],//a[@class='gnav-utility-item__trigger-label js-gnav-utility-item-trigger'],//a[@class='site-header__utility-item__link js-gnav-util-trigger-account'],//a[@data-test-id='home_gnav_button_signin'],.header-gnav-account-link__inner a.header-gnav-account-link__top-sign-in.js-login-status--anonymous,(//a[text()='Minha Conta'])[2],//div[@class='gnav-util gnav-account js-gnav-account']/a,"//*[contains(@href,'/account/signin.tmpl') and contains(@class,'site-header__utility-signin')]",//a[@href='/account/signin.tmpl'],//span[@data-test-id='gnav_account_menu_login'],#gnav-account__icon
1,ACCOUNTSIGNUP,actFirstnameId,//input[@name='FIRST_NAME'],//input[@name='FIRST_NAME'],//input[@name='FIRST_NAME'],//input[@name='FIRST_NAME'],//input[@name='FIRST_NAME'],//input[@name='FIRST_NAME'],//input[@name='FIRST_NAME'],//input[@name='FIRST_NAME'],//input[@name='FIRST_NAME'],//input[@name='FULL_NAME'],//input[@name='FULL_NAME'],//input[@name='FULL_NAME'],//input[@name='FULL_NAME'],//input[@name='FIRST_NAME'],//input[@name='FULL_NAME'],//input[@name='FULL_NAME'],//input[@name='FIRST_NAME']
1,ACCOUNTSIGNUP,accountLastnameId1,,,,,,//input[@name='LAST_NAME'],,,,,,,,//input[@name='LAST_NAME'],,,
1,ACCOUNTSIGNUP,actNewEmailField,#form--registration--field--PC_EMAIL_ADDRESS,#form--registration_short--field--PC_EMAIL_ADDRESS,#form--registration_short--field--PC_EMAIL_ADDRESS,#form--registration_short--field--PC_EMAIL_ADDRESS,#form--registration_short--field--PC_EMAIL_ADDRESS,#form--registration_short--field--PC_EMAIL_ADDRESS,#sign-in-component__PC_EMAIL_ADDRESS,#form--registration_short--field--PC_EMAIL_ADDRESS,#form--registration_short--field--PC_EMAIL_ADDRESS,#form--registration_short--field--PC_EMAIL_ADDRESS,#form--registration_short--field--PC_EMAIL_ADDRESS,#form--registration_short--field--PC_EMAIL_ADDRESS,#form--registration_short--field--PC_EMAIL_ADDRESS,//input[@data-test-id='form_email'],#form--registration_short--field--PC_EMAIL_ADDRESS,#sign-in-component__PC_EMAIL_ADDRESS,#form--registration_short--field--PC_EMAIL_ADDRESS
1,ACCOUNTSIGNUP,actPasswordFieldId,//input[@name='PASSWORD'],//input[@name='PASSWORD'],//input[@name='PASSWORD'],//input[@name='PASSWORD'],//input[@name='PASSWORD'],//input[@name='PASSWORD'],//input[@name='PASSWORD'],#form--registration_short--field--PASSWORD,//input[@id='form--registration_short--field--PASSWORD'],//input[@name='PASSWORD'],//input[@name='PASSWORD'],#form--registration_short--field--PASSWORD,#form--registration_short--field--PASSWORD,//input[@name='PASSWORD'],//input[@name='PASSWORD'],//input[@name='PASSWORD'],//input[@name='PASSWORD']
1,ACCOUNTSIGNUP,accountAcceptPrivacyCheckbox,#form--registration--field--ACCEPTED_PRIVACY_POLICY,#form--registration_short--field--ACCEPTED_PRIVACY_POLICY,#form--registration_short--field--ACCEPTED_PRIVACY_POLICY,#form--registration_short--field--ACCEPTED_PRIVACY_POLICY,#form--registration_short--field--ACCEPTED_PRIVACY_POLICY,#form--registration_short--field--ACCEPTED_PRIVACY_POLICY,#sign-in-component__ACCEPTED_PRIVACY_POLICY,#form--registration_short--field--ACCEPTED_PRIVACY_POLICY,//label[@for='form--registration_short--field--ACCEPTED_PRIVACY_POLICY'],#form--registration_short--field--ACCEPTED_PRIVACY_POLICY,#form--registration_short--field--ACCEPTED_PRIVACY_POLICY,#form--registration_short--field--ACCEPTED_PRIVACY_POLICY,#form--registration_short--field--ACCEPTED_PRIVACY_POLICY,#ACCEPTED_PRIVACY_POLICY,#form--registration_short--field--ACCEPTED_PRIVACY_POLICY,#sign-in-component__ACCEPTED_PRIVACY_POLICY,#form--registration_short--field--ACCEPTED_PRIVACY_POLICY
1,ACCOUNTSIGNUP,accountSubmitId,//input[@value='Crea Tu Cuenta'],//input[@value='Regístrate'],//input[@data-test-id='form_register_continue'],//input[@value='Regístrate'],//input[@value='Regístrate'],.form-item.new-account__item.form-button input.button,//input[@value='CREAR TU CUENTA'],(//input[@class='sign-in-page__submit'])[2],//input[@data-test-id='form_registration_continue'],//input[@value='Cadastre-se'],//input[@value='Cadastrar-se'],(//input[@class='button form-submit'])[2],//input[@class='form-button ir submit submit-btn'],//*[@data-test-id='form_signin_continue'],//input[@data-test-id='form_registration_continue'],//input[@name='op'],//input[@class='form-button ir submit submit-btn']
1,MYACCOUNT,accountFavouritesId,Mis favoritos,MIS FAVORITOS,,MIS FAVORITOS,,Favoritos,Mis favoritos,,,Favoritos,,,,,FAVORITOS,FAVORITOS,Mis favoritos
1,MYACCOUNT,accountSignoutId,(//a[text()='Cerrar sesión'])[2],"//a[contains(@data-test-id,'account_signout')]","//a[contains(@data-test-id,'myaccount_menu_signout')]",//a[@data-test-id='account_signout'],"//a[contains(@data-test-id,'myaccount_menu_signout')]",//a[text()='Cerrar sesión'],(//a[text()='Cerrar sesión'])[2],"//a[contains(@data-test-id,'myaccount_menu_signout')]",//a[@data-test-id='myaccount_menu_signout'],//a[@data-test-id='myaccount_menu_signout'],"//a[contains(@data-test-id,'myaccount_menu_signout')]",(//a[text()='Sair'])[3],//a[@data-test-id='myaccount_menu_signout'],//a[@data-test-id='myaccount_menu_signout'],//a[@data-test-id='myaccount_menu_signout'],//a[@data-test-id='signout'],//a[@data-test-id='myaccount_menu_signout']
1,MYACCOUNT,signoutTextId,//li[@id='signout_msg..'],//li[@id='signout_msg..'],//li[@id='signout_msg..'],//li[@id='signout_msg..'],//li[@id='signout_msg..'],//li[@id='signout_msg..'],//li[@id='signout_msg..'],//li[@id='signout_msg..'],//li[@id='signout_msg..'],//li[@id='signout_msg..'],//li[@id='signout_msg..'],//li[@id='signout_msg..'],//li[@id='signout_msg..'],//li[@id='signout_msg..'],,//li[@id='signout_msg..'],//li[@id='signout_msg..']
1,ACCOUNTSIGNIN,accountSigninId,//a[text()='Ingresa'],,,,,,//a[text()='Ingresa'],,,,,,,,,,
1,ACCOUNTSIGNIN,accountruEmailId,#form--signin--field--EMAIL_ADDRESS,#form--signin--field--EMAIL_ADDRESS,#form--signin--field--EMAIL_ADDRESS,#form--signin--field--EMAIL_ADDRESS,#form--signin--field--EMAIL_ADDRESS,#form--signin--field--EMAIL_ADDRESS,#form--signin--field--EMAIL_ADDRESS,#form--signin--field--EMAIL_ADDRESS,#form--signin--field--EMAIL_ADDRESS,#form--signin--field--EMAIL_ADDRESS,#form--signin--field--EMAIL_ADDRESS,#form--signin--field--EMAIL_ADDRESS,#form--signin--field--EMAIL_ADDRESS,#form--signin--field--EMAIL_ADDRESS,#form--signin--field--EMAIL_ADDRESS,#form--signin--field--EMAIL_ADDRESS,#form--signin--field--EMAIL_ADDRESS
1,ACCOUNTSIGNUP,accountRegisterId,,,,,,,,,,,,,,,,,
1,ACCOUNTSIGNUP,accountRegisterId1,,//p[@data-test-id='gnav_form_register']/a,//a[@id='new-account-link'],//p[@data-test-id='gnav_form_register']/a,//a[@id='new-account-link'],//a[@class='link js-new-account-link'],,,,//p[@data-test-id='gnav_form_register']/a,//a[@id='new-account-link'],,"//h2[contains(@class,'last_title')]",//*[@data-test-id='registration_link'],//p[@data-test-id='registration_link'],//div[@class='signin-overlay__toggle-form signin-overlay__toggle-form--dont-have-acount']/a,"//h2[contains(@class,'last_title ')]"
1,ACCOUNTSIGNUP,accountLastnameId,//input[@name='LAST_NAME'],//input[@name='LAST_NAME'],//input[@name='LAST_NAME'],//input[@name='LAST_NAME'],//input[@name='LAST_NAME'],//input[@name='LAST_NAME'],//input[@name='LAST_NAME'],//input[@name='LAST_NAME'],//input[@name='LAST_NAME'],,,,,//input[@name='LAST_NAME'],,,//input[@name='LAST_NAME']
1,ACCOUNTSIGNUP,accountSelectDayId,,,,,,,,BIRTH_DAY,,,,,,PURE_PRIV_BIRTH_DAY,,,
1,ACCOUNTSIGNUP,accountSelectMonthId,,,,,,,,BIRTH_MONTH,,,,,,PURE_PRIV_BIRTH_MONTH,,,
1,ACCOUNTSIGNUP,accountSelectYearId,,,,,,,,BIRTH_YEAR,,,,,,,,,
1,MYACCOUNT,accountHoverId,,,,,,,,(//a[@class='site-utils__link js-site_utils'])[2],,,,,,,,,
1,MYACCOUNT,accountDirectoryId,"//a[contains(@data-test-id,'shipping_billing')]","//a[contains(@data-test-id,'account_addressbook')]","//a[contains(@data-test-id,'myaccount_menu_shipping_billing')]","//a[contains(@data-test-id,'account_addressbook')]","//a[contains(@data-test-id,'myaccount_menu_shipping_billing')]",//a[text()='Directorio'],//a[@data-test-id='shipping_billing'],"//a[contains(@data-test-id,'myaccount_menu_shipping_billing')]",//a[@data-test-id='myaccount_menu_settings'],"//a[contains(@data-test-id,'account_addressbook')]","//a[contains(@data-test-id,'myaccount_menu_shipping_billing')]",(//a[@data-test-id='myaccount_menu_settings'])[1],//a[text()='CATÁLOGO de endereços'],"//a[contains(@data-test-id,'myaccount_menu_shipping_billing')]","//a[contains(@data-test-id,'myaccount_menu_shipping_billing')]",//a[@data-test-id='shipping_billing'],//a[text()='Direcciones']
1,MYACCOUNT,accountAddressId,.main-button-wrapper a.address-book__add-address-button.button.button--dark.js-add-address-btn,//a[@class='btn btn--full address-book__link js-add-address'],//a[@class='add-address button'],//a[@class='btn btn--full address-book__link js-add-address'],//a[@class='add-address button'],.js-add-address-container a.button.address-book__link.js-add-address,.main-button-wrapper a.address-book__add-address-button.button.button--dark.js-add-address-btn,//a[@class='address-book__link js-add-address'],//a[@data-test-id='account_addressbook_addnewaddress'],//a[@class='btn btn--full address-book__link js-add-address add-address button'],//a[@class='add-address button'],"//a[contains(@class, 'js-add-address')]",//a[@data-test-id='account_addressbook_addnewaddress'],//a[@data-test-id='account_addressbook_addnewaddress'],//a[@data-test-id='account_addressbook_addnewaddress'],//a[@data-test-id='add-address-button'],//a[@class='add-address']
1,MYACCOUNT,accountAddress1Id,//input[@name='ADDRESS1'],//input[@name='ADDRESS1'],//input[@name='ADDRESS1'],//input[@name='ADDRESS1'],//input[@name='ADDRESS1'],//input[@name='ADDRESS1'],//input[@name='ADDRESS1'],//input[@name='ADDRESS1'],//input[@name='ADDRESS1'],//input[@name='ADDRESS1'],,,,//input[@name='ADDRESS1'],,,//input[@name='ADDRESS1']
1,MYACCOUNT,accountAddress2Id,//input[@name='ADDRESS2'],//input[@name='ADDRESS2'],//input[@name='ADDRESS2'],,//input[@name='ADDRESS2'],//input[@name='ADDRESS2'],//input[@name='ADDRESS2'],//input[@name='ADDRESS2'],//input[@name='ADDRESS2'],//input[@name='ADDRESS2'],//input[@name='ADDRESS2'],//input[@name='ADDRESS2'],//input[@name='ADDRESS2'],//input[@name='ADDRESS2'],//input[@name='ADDRESS2'],//input[@name='ADDRESS2'],//input[@name='ADDRESS2']
1,MYACCOUNT,accountZipcodeId,//input[@name='POSTAL_CODE'],,,//input[@name='POSTAL_CODE'],//input[@name='POSTAL_CODE'],//input[@name='POSTAL_CODE'],//input[@name='POSTAL_CODE'],//input[@name='POSTAL_CODE'],,//input[@name='POSTAL_CODE'],//input[@name='POSTAL_CODE'],,//input[@name='POSTAL_CODE'],//input[@name='POSTAL_CODE'],,,//input[@name='POSTAL_CODE']
1,MYACCOUNT,accountColonyId,,,,,form--address--field--COLONY,form--address--field--COLONY,form--address--field--COLONY,form--address--field--COLONY,,,,,,form--address--field--COLONY,,,form--address--field--COLONY
1,MYACCOUNT,accountPhone1Id,//input[@name='PHONE2'],//input[@name='PHONE2'],,//input[@name='PHONE1'],//input[@name='PHONE1'],//input[@name='PHONE1'],//input[@name='PHONE1'],//input[@name='PHONE1'],//input[@name='PHONE1'],//input[@name='PHONE1'],//input[@name='PHONE1'],//input[@name='PHONE1'],//input[@name='PHONE1'],//input[@name='PHONE1'],//input[@name='PHONE1'],//input[@name='PHONE1'],//input[@name='PHONE1']
1,MYACCOUNT,accountPhone2Id,,,//input[@name='PHONE2'],,,,,//input[@name='PHONE2'],,,,,,//input[@name='PHONE2'],,,
1,MYACCOUNT,accountCheckbox,#colorbox-default-shipping-checkbox,#form--address--field--DEFAULT_SHIPPING,#form--address--field--DEFAULT_SHIPPING,,#form--address--field--DEFAULT_SHIPPING,#form--address--field--DEFAULT_SHIPPING,#colorbox-default-shipping-checkbox,#form--address--field--DEFAULT_SHIPPING,//input[@name='DEFAULT_BILLING'],#form--address--field--DEFAULT_SHIPPING,#form--address--field--DEFAULT_SHIPPING,//input[@id='form--address_shipping--field--DEFAULT_SHIPPING'],#form--address--field--DEFAULT_SHIPPING,#form--address--field--DEFAULT_BILLING,#form--address--field--DEFAULT_SHIPPING,#form--address--field--DEFAULT_SHIPPING_PRESENT,#form--address--field--DEFAULT_SHIPPING
1,MYACCOUNT,accountCheckbox2,#form--address--field--DEFAULT_BILLING,#form--address--field--DEFAULT_BILLING,#form--address--field--DEFAULT_BILLING,#form--address--field--DEFAULT_BILLING,#form--address--field--DEFAULT_BILLING,#form--address--field--DEFAULT_BILLING,#form--address--field--DEFAULT_BILLING,#form--address--field--DEFAULT_BILLING,//input[@name='DEFAULT_SHIPPING'],,#form--address--field--DEFAULT_BILLING,,#form--address--field--DEFAULT_BILLING,,,,#form--address--field--DEFAULT_BILLING
1,MYACCOUNT,accountSubmitId2,.main-button-wrapper input.form-submit,.form-item input.btn--full.form-submit,//input[@id='continue-btn'],.form-item input.btn--full.form-submit,//input[@id='continue-btn']|//input[@class='big-button'],//input[@class='button address-overlay_submit js-submit'],.main-button-wrapper input.form-submit,//input[@class='address-form__submit'],//input[@data-test-id='form_address_submit'],.form-item input.btn--full.address-form__submit.form-submit,//input[@id='continue-btn']|//input[@class='big-button'],//input[@data-test-id='form_address_submit'],//input[@id='continue-btn'],//input[@data-test-id='form_signin_continue'],//input[@data-test-id='form_address_submit'],//div[@class='main-button-wrapper']/input,//input[@id='continue-btn']
1,MYACCOUNT,accountRusubmitId,//*[@value='Entrar | Mi Cuenta'],//input[@data-test-id='form_signin_continue'],//input[@data-test-id='form_signin_continue'],//*[@id='signin']/fieldset/div[2]/div/input,//input[@value='Iniciar sesión'],.form-item.return-user__item.form-button input.button,//input[@data-test-id='sign_in_button_text'],(//input[@class='sign-in-page__submit'])[1],//input[@data-test-id='form_signin_continue'],//input[@value='Iniciar sessão'],//input[@value='Entrar'],(//input[@class='button form-submit'])[1],//input[@class='form-submit' and @value='Entrar'],//input[@value='Iniciar sesión'],//input[@data-test-id='form_signin_continue'],//input[@data-test-id='sign_in_button_submit'],//*[@id='signin']/input[6]
1,MYACCOUNT,actRuPasswordFieldId,#form--signin--field--PASSWORD,#form--signin--field--PASSWORD,#form--signin--field--PASSWORD,#form--signin--field--PASSWORD,#form--signin--field--PASSWORD,#form--signin--field--PASSWORD,#form--signin--field--PASSWORD,#form--signin--field--PASSWORD,#form--signin--field--PASSWORD,#form--signin--field--PASSWORD,#form--signin--field--PASSWORD,#form--signin--field--PASSWORD,#form--signin--field--PASSWORD,#form--signin--field--PASSWORD,#form--signin--field--PASSWORD,#form--signin--field--PASSWORD,#form--signin--field--PASSWORD
1,MYACCOUNT,accountPurchasesId,"//a[contains(@data-test-id,'order_history')]","//a[contains(@data-test-id,'account_orderhistory')]","//a[contains(@data-test-id,'myaccount_menu_orders')]","//a[contains(@data-test-id,'account_orderhistory')]","//a[contains(@data-test-id,'myaccount_menu_orders')]",//a[text()='Compras'],"//a[contains(@data-test-id,'order_history')]","//a[contains(@data-test-id,'myaccount_menu_orders')]",//a[@data-test-id='myaccount_menu_past_purchase'],"//a[contains(@data-test-id,'account_orderhistory')]","//a[contains(@data-test-id,'myaccount_menu_orders')]",//a[text()='Pedir a Partir de Compras Passadas'],//a[text()='Pedidos'],"//a[contains(@data-test-id,'myaccount_menu_orders')]",//a[@data-test-id='myaccount_menu_myorders'],"//a[contains(@data-test-id,'order_history')]",//a[text()='Volver a ordenar de compras anteriores']
1,MYACCOUNT,accountEditId,//a[@class='js-edit-address address-book__controls-link address-book__controls-link--edit'],//a[@data-test-id='address_primary_edit'],"//a[contains(@class,'edit-address id')]",//a[@data-test-id='address_primary_edit'],//a[@data-test-id='address_primary_edit'],"//a[contains(@class,'link link--edit js-edit-address id')]",//a[text()='Editar'],//a[text()='Editar'],//a[@data-test-id='address_primary_edit'],//a[text()='Editar'],"//a[contains(@class,'edit-address id')]",//*[text()='Editar'],//a[text()='Editar'],(//a[text()='Editar'])[2],"//a[contains(@class,'js-edit-address id')]",//a[text()='Editar'],//a[@data-test-id='address_primary_edit']
1,MYACCOUNT,accountDeleteId,//a[@class='js-delete-address address-book__controls-link address-book__controls-link--delete'],(//a[@data-test-id='address_primary_delete'])[1],(//a[@data-test-id='address_primary_delete'])[1],//a[@data-test-id='address_primary_delete'],//a[@data-test-id='address_primary_delete'],,(//a[text()='Borrar'])[1],(//a[text()='Eliminar'])[1],//a[@data-test-id='address_primary_delete'],//a[text()='Remover'],//a[text()='Apagar'],//*[text()='Apagar'],//a[@data-test-id='address_primary_delete'],//a[text()='Eliminar'],//a[text()='Remover'],//a[text()='Remover'],//a[@data-test-id='address_primary_delete']
1,MYACCOUNT,accountDeleteCfmId,//a[@class='js-delete-confirm delete-address-confirm__controls-link delete-address-confirm__controls-link--delete'],//a[@class='address-delete__link js-delete-confirm'],//a[@data-test-id='address_primary_delete'],//a[@class='address-delete__link js-delete-confirm'],//a[@data-test-id='addressbook_delete_popup_delete'],,//a[@class='js-delete-confirm delete-address-confirm__controls-link delete-address-confirm__controls-link--delete'],//a[@class='address-delete__link address-delete__link--confirm js-delete-confirm'],//span[@data-test-id='addressbook_delete_popup_delete'],//a[@class='address-delete__link js-delete-confirm'],//a[text()='Cancelar'],.js-delete-confirm,//span[@data-test-id='addressbook_delete_popup_delete'],,//a[@data-test-id='addressbook_delete_popup_delete'],//a[@data-test-id='delete-address-confirm'],//span[@data-test-id='addressbook_delete_popup_delete']
1,MYACCOUNT,actFirstnameId1,//input[@name='FIRST_NAME'],,,,,//input[@name='FIRST_NAME'],//input[@name='FIRST_NAME'],,//input[@data-test-id='form_firstname'],//input[@name='FULL_NAME'],//input[@name='FULL_NAME'],#form--registration_short--field--FULL_NAME,//input[@name='FULL_NAME'],//input[@name='FIRST_NAME'],//input[@name='FULL_NAME'],//input[@name='FULL_NAME'],//input[@name='FULL_NAME']
1,MYACCOUNT,accountStateId,,,,,,,,,,,,,,,,,
1,MYACCOUNT,accountCityId,,,,,,,,,,,,,,,,,
1,MYACCOUNT,accountRegionId,form--address--field--MUNICIPALITY,form--address--field--MUNICIPALITY,form--address--field--MUNICIPALITY,,,,,,,,,,,,,,
1,MYACCOUNT,accountColonyId1,form--address--field--COLONY,form--address--field--COLONY,form--address--field--COLONY,form--address--field--COLONY,,,,,form--address_shipping--field--COLONY,,,,,,,,
1,MYACCOUNT,accountZipcodeDrpId,,,,,,,,,,,,,,,,,
1,MYACCOUNT,accountRutField,//input[@name='NATIONAL_ID1'],//input[@name='NATIONAL_ID1'],//input[@name='NATIONAL_ID1'],,,,,,,,,,,,,,
1,MYACCOUNT,accountRutField2,,,,,,,,,,,,,,,,,
1,MYACCOUNT,colonyNameTwoId,,,,,,,,,,,,,,//div[@id='form--address--field--COLONY'],,,
1,MYACCOUNT,region2Id,,,,,,,,,,,,,,,,,
1,MYACCOUNT,accountCpfId,,,,,,,,,,#form--federal_id_check--field--FEDERAL_ID1,#form--federal_id_check--field--FEDERAL_ID1,//*[@id='form--federal_id_check--field--FEDERAL_ID1'],//input[@id='form--federal_id_check--field--FEDERAL_ID1'],,#form--federal_id_check--field--FEDERAL_ID1,//input[@name='FEDERAL_ID1'],
1,MYACCOUNT,accountZipcodeIdTwo,,,,//input[@name='POSTAL_CODE'],,,,,//input[@name='POSTAL_CODE'],//input[@name='POSTAL_CODE'],//input[@name='POSTAL_CODE'],//input[@name='POSTAL_CODE'],//input[@name='POSTAL_CODE'],//input[@name='POSTAL_CODE'],//input[@name='POSTAL_CODE'],//input[@name='POSTAL_CODE'],
1,MYACCOUNT,mobAccountDirectoryId,//a[@data-test-id='account-landing-menu-shipping_billing'],//a[@data-test-id='account_addressbook'],//li[@class='shipping']/a,//a[@data-test-id='account_addressbook'],//li[@class='shipping']/a,//a[text()='Directorio'],//a[@data-test-id='account-landing-menu-shipping_billing'],//a[@data-test-id='myaccount_menu_shipping_billing'],//a[@data-test-id='myaccount_menu_settings'],//a[@data-test-id='account_addressbook'],//li[@class='shipping']/a,(//a[@data-test-id='myaccount_menu_settings'])[2],//li[@id='nav_address_book']/a,//a[@data-test-id='myaccount_menu_shipping_billing'],//a[@data-test-id='myaccount_menu_shipping_billing'],//a[@data-test-id='account-landing-menu-shipping_billing'],//li[@id='nav_address_book']/a
1,MYACCOUNT,accountMobAddressId,.main-button-wrapper a.address-book__add-address-button.button.button--dark.js-add-address-btn,//a[@class='btn btn--full address-book__link js-add-address'],//a[@class='submit add-address-link'],//a[@class='btn btn--full address-book__link js-add-address'],//input[@data-test-id='address_shipping_add'],.js-add-address-container a.button.address-book__link.js-add-address,.main-button-wrapper a.address-book__add-address-button.button.button--dark.js-add-address-btn,//a[@data-test-id='account_addressbook_addnewaddress'],//a[@data-test-id='account_addressbook_addnewaddress'],//a[@class='btn btn--full address-book__link js-add-address add-address button'],//a[@class='submit add-address-link'],"//a[contains(@class, 'js-add-address')]",//a[@data-test-id='account_addressbook_addnewaddress'],//a[@data-test-id='account_addressbook_addnewaddress'],//a[@data-test-id='account_addressbook_addnewaddress'],//a[@data-test-id='add-address-button'],//input[@data-test-id='address_shipping_add']|//a[@data-test-id='account_addressbook_addnewaddress']
1,MYACCOUNT,accountRUcheckboxId,//a[text()='Ingresa'],,,,,,//a[text()='Ingresa'],,,,,,,,,,
1,MYACCOUNT,accountMobRuSubmitId,//*[@value='Entrar | Mi Cuenta'],//input[@data-test-id='form_signin_continue'],//input[@data-test-id='form_signin_continue'],//*[@id='signin']/fieldset/div[2]/div/input,//input[@class='signin-submit' and @value='INICIAR SESIÓN'],.form-item.return-user__item.form-button input.button,//input[@data-test-id='sign_in_button_text'],//input[@data-test-id='form_signin_continue'],//input[@data-test-id='form_signin_continue'],//input[@value='Iniciar sessão'],//input[@class='signin-submit'],//input[@data-test-id='form_signin_continue'],//input[@class='form-submit' and @value='Entrar'],//input[@value='Iniciar sesión'],//input[@data-test-id='form_signin_continue'],//input[@data-test-id='sign_in_button_submit'],//*[@id='signin']/input[6]
1,MYACCOUNT,accountMobPurchasesId,COMPRAS,COMPRAS,Mis Compras,COMPRAS,Mis Compras,Compras,COMPRAS,PEDIDOS,Compras Anteriores,Histórico de pedidos,Minhas Compras,Pedidos,Pedir a Partir de Compras Passadas,MIS PEDIDOS,Histórico de pedidos,HISTÓRICO DE PEDIDOS,Compras
1,MYACCOUNT,mobRegisterId,//span[@data-test-id='gnav_account_menu_login'],//a[@id='new-account-link'],//input[@id='new-account-link'],//a[@id='new-account-link'],//input[@id='new-account-link'],//a[@class='link js-new-account-link'],//span[@data-test-id='gnav_account_menu_login'],,,//p[@data-test-id='gnav_form_register']/a,//input[@id='new-account-link'],,"//h2[contains(@class,'last_title')]",//span[@data-test-id='registration_link'],//*[@data-test-id='registration_link'],//a[text()='Criar uma conta.'],"//h2[contains(@class,'last_title')]"
1,MYACCOUNT,accountMobSubmitId,//input[@value='Crea Tu Cuenta'],//input[@value='Regístrate'],//input[@data-test-id='form_register_continue'],//input[@value='Regístrate'],//input[@class='signup-submit'],.form-item.new-account__item.form-button input.button,//input[@value='CREAR TU CUENTA'],//input[@data-test-id='form_registration_continue'],//input[@data-test-id='form_registration_continue'],//input[@value='Cadastre-se'],//input[@class='signup-submit'],(//input[@class='button form-submit'])[2],//input[@class='form-button ir submit submit-btn'],//input[@data-test-id='form_signin_continue'],//input[@class='button form-submit'],//input[@value='Criar uma conta'],//input[@class='form-button ir submit submit-btn']
1,MYACCOUNT,accountMobSignoutId,,CERRAR SESIÓN,Salir,Cerrar sesión,Cerrar sesión,CERRAR SESIÓN,,Salir,,SAIR,Sair,,Desconectar,Cerrar sesión,,Sair,Cerrar sesión
1,MYACCOUNT,accountMobSignoutIdOne,//li[@class='account-landing-profile__details-item']/a,,,,,,(//a[text()='Cerrar sesión'])[2],,//a[text()='Cerrar Sesión'],,,//a[@data-test-id='myaccount_menu_signout'],,,//a[@data-test-id='myaccount_menu_signout'],,
1,MYACCOUNT,mobAccountFavouritesId,Mis favoritos,MIS FAVORITOS,,MIS FAVORITOS,,Favoritos,Mis favoritos,,,Favoritos,,Favoritos,Favoritos,Mis favoritos,Favoritos,Favoritos,Mis favoritos
1,MYACCOUNT,accountMyfavIdTwo,"//a[contains(@data-test-id,'wishlist')]","//a[contains(@data-test-id,'account_favorites')]",,"//a[contains(@data-test-id,'account_favorites')]",,//a[text()='Favoritos'],"//a[contains(@data-test-id,'wishlist')]","//a[contains(@data-test-id,'myaccount_menu_favorites')]",//a[@data-test-id='myaccount_menu_favorites'],"//a[contains(@data-test-id,'account_favorites')]",,//li[@class='sidebar-menu__item favorites']/a[1],//li[@id='nav_favorites']/a,"//a[contains(@data-test-id,'myaccount_menu_favorites')]","//a[contains(@data-test-id,'myaccount_menu_favorites')]","//a[contains(@data-test-id,'wishlist')]",//a[text()='Mis favoritos']
1,VIEWCART,closePopup,//button[@class='gnav-signup-overlay__close js-gnav-signup-overlay-close'],//span[@class='icon-remove'],//div[@class='popup-offer-close jquery-once-1-processed'],//span[@class='icon-remove'],//button[@id='cboxClose'],,//button[@class='gnav-signup-overlay__close js-gnav-signup-overlay-close'],//button[@id='cboxClose'],//div[@class='close-btn close'],"//button[@id='cboxClose']|//button[contains(@class,'js-content-block-sitewide-banner-trigger')]",//button[@id='cboxClose'],"//*[contains(@class, 'close-button')]",,,,//button[@class='gnav-signup-overlay__close js-gnav-signup-overlay-close'],/html/body/div[13]/div[2]/div/div/div[3]/button
1,VIEWCART,sppPageProdHeader,"//div[contains(@class,'product-full')]","//div[contains(@class,'product-full')]","//div[contains(@class,'product-full')]","//div[contains(@class,'product-full')]","//div[contains(@class,'product-full')]","//div[contains(@class,'product-full')]","//div[contains(@class,'product-full')]","//div[contains(@class,'product-full')]",//div[@class='product-full__content'],"//div[contains(@class,'product-full')]","//div[contains(@class,'sd-product-spp__product-full')]","//div[contains(@class, 'spp__container')]","//div[contains(@class,'product-full')]",//div[@class='product-grid-wrapper'],"//div[contains(@class,'spp__container')]","//div[contains(@class,'details-container')]","//div[contains(@class,'product-full')]"
1,VIEWCART,sppPageProdHeaderMob,"//div[contains(@class,'product-full')]","//div[contains(@class,'product-full')]","//div[contains(@class,'product-full')]","//div[contains(@class,'product-full')]","//div[contains(@class,'product-full')]","//div[contains(@class,'product-full')]","//div[contains(@class,'product-full')]","//div[contains(@class,'product-full')]",//div[@class='product-full__content'],"//div[contains(@class,'product-full')]","//div[contains(@class,'sd-product-spp__product-full')]","//div[contains(@class,'spp__container')]","//div[contains(@class,'product-full')]",//div[@class='product-grid-wrapper'],"//div[contains(@class,'spp__container')]","//h3[contains(@class,'spp-product__header')]","//div[contains(@class,'product-full')]"
1,SHIPPING,billingDrop,,,,,,,,,,form--addresses--field--SELECTED_ADDRESS_ID,,,form--checkout_billing_address--field--SELECTED_ADDRESS_ID,,form--checkout_billing_address--field--SE455LECTED_ADDRESS_ID,form--addresses--field--SELECTED_ADDRESS_ID,
1,SHIPPING,cnfBilling,,,,,,,,,,,,,,,,//input[@data-test-id='form_checkout_confirm'],
1,ORDERREVIEW,checkoutPassword,,,,#form--completed_checkout_registration--field--PASSWORD,,#form--completed_checkout_registration--field--PASSWORD,,,,,,,,,,,
1,ORDERREVIEW,checkoutSelectMonthId,,,,,,,,,,,,,,,,,
1,ORDERREVIEW,chexckoutSelectDayId,,,,,,,,,,,,,,,,,
1,ORDERREVIEW,checkoutSignup,,,,,,//input[@data-test-id='form_completed_checkout_registration_submit'],,,,,,,,,,,
1,MYACCOUNT,actVal,,,,,,TRUE,,,,,,,,,,,
1,PAYMENT,cashTypeIdTwo,,,,,,"//button[contains(@class,'elc-dropdown-arrow js-dropdown-arrow')]",,,,,,,,,,,
1,PAYMENT,cashTypeIdThree,,,,,,//li[@title='OXXO'],,,,,,,,,,,
1,CHECKOUTSIGNIN,returnUserCtn,,,,,//a[@data-test-id='cart_primarycheckout'],,,,//span[@data-test-id='signin_link'],,,//a[@data-test-id='signin_link'],,,//a[@data-test-id='signin_link'],,//*[@id='returning-customer-radio']
1,ADMIN,isShoppable,//*[@id='Sku_Details']/table[9]/tbody/tr[8]/td[3],//*[@id='Sku_Details']/table[9]/tbody/tr[8]/td[3],//*[@id='Sku_Details']/table[9]/tbody/tr[8]/td[3],//*[@id='Sku_Details']/table[9]/tbody/tr[8]/td[3],//*[@id='Sku_Details']/table[9]/tbody/tr[8]/td[3],//*[@id='Sku_Details']/table[9]/tbody/tr[8]/td[3],//*[@id='Sku_Details']/table[9]/tbody/tr[8]/td[3],//*[@id='Sku_Details']/table[9]/tbody/tr[8]/td[3],//*[@id='Sku_Details']/table[9]/tbody/tr[8]/td[3],//*[@id='Sku_Details']/table[9]/tbody/tr[8]/td[3],//*[@id='Sku_Details']/table[9]/tbody/tr[8]/td[3],//*[@id='Sku_Details']/table[9]/tbody/tr[8]/td[3],//*[@id='Sku_Details']/table[9]/tbody/tr[8]/td[3],//*[@id='Sku_Details']/table[9]/tbody/tr[8]/td[3],//*[@id='Sku_Details']/table[9]/tbody/tr[8]/td[3],//*[@id='Sku_Details']/table[9]/tbody/tr[8]/td[3],//*[@id='Sku_Details']/table[9]/tbody/tr[8]/td[3]
1,CHECKOUTSIGNIN,continueAsNu,,,,,,,,,,,,,//h2[@class='js-new-account-link sign-in-page__link'],,,,
1,ACCOUNTSIGNUP,offersTrayClose,//span[@class='drawer-formatter__close'],,,,,,//span[@class='drawer-formatter__close'],,,,,,,,,//span[@class='drawer-formatter__close'],
1,SHIPPING,billingPage,//button[@data-test-id='dp_continue_checkout'],//button[@data-test-id='dp_continue_checkout'],//button[@data-test-id='dp_continue_checkout'],//button[@data-test-id='dp_continue_checkout'],//button[@data-test-id='dp_continue_checkout'],//button[@data-test-id='dp_continue_checkout'],//button[@data-test-id='dp_continue_checkout'],,//button[@data-test-id='dp_continue_checkout'],//button[@data-test-id='dp_continue_checkout'],//button[@data-test-id='dp_continue_checkout'],//button[@data-test-id='dp_continue_checkout'],//button[@data-test-id='dp_continue_checkout'],,//button[@data-test-id='dp_continue_checkout'],//button[@data-test-id='dp_continue_checkout'],//button[@data-test-id='dp_continue_checkout']
1,ACCOUNTSIGNUP,actNewEmailFieldMob,#form--registration--field--PC_EMAIL_ADDRESS,#form--registration_short--field--PC_EMAIL_ADDRESS,#form--registration_short--field--PC_EMAIL_ADDRESS,#form--registration_short--field--PC_EMAIL_ADDRESS,#form--registration_short--field--PC_EMAIL_ADDRESS,#form--registration_short--field--PC_EMAIL_ADDRESS,#sign-in-component__PC_EMAIL_ADDRESS,#form--registration_short--field--PC_EMAIL_ADDRESS,#form--registration_short--field--PC_EMAIL_ADDRESS,#form--registration_short--field--PC_EMAIL_ADDRESS,#form--registration_short--field--PC_EMAIL_ADDRESS,#form--registration_short--field--PC_EMAIL_ADDRESS,#form--registration_short--field--PC_EMAIL_ADDRESS,//input[@data-test-id='form_email'],#form--registration_short--field--PC_EMAIL_ADDRESS,#sign-in-component__PC_EMAIL_ADDRESS,#form--registration_short--field--PC_EMAIL_ADDRESS
1,ACCOUNTSIGNUP,accountAcceptPrivacyCheckboxMob,#form--registration--field--ACCEPTED_PRIVACY_POLICY,#form--registration_short--field--ACCEPTED_PRIVACY_POLICY,#form--registration_short--field--ACCEPTED_PRIVACY_POLICY,#form--registration_short--field--ACCEPTED_PRIVACY_POLICY,#form--registration_short--field--ACCEPTED_PRIVACY_POLICY,#form--registration_short--field--ACCEPTED_PRIVACY_POLICY,#sign-in-component__ACCEPTED_PRIVACY_POLICY,#form--registration_short--field--ACCEPTED_PRIVACY_POLICY,#form--registration_short--field--ACCEPTED_PRIVACY_POLICY,#form--registration_short--field--ACCEPTED_PRIVACY_POLICY,#form--registration_short--field--ACCEPTED_PRIVACY_POLICY,//input[@data-test-id='form_tc'],#form--registration_short--field--ACCEPTED_PRIVACY_POLICY,#form--registration_short--field--ACCEPTED_PRIVACY_POLICY,#form--registration_short--field--ACCEPTED_PRIVACY_POLICY,#sign-in-component__ACCEPTED_PRIVACY_POLICY,#form--registration_short--field--ACCEPTED_PRIVACY_POLICY
1,VIEWCART,colonyIdTwo,,,,//div[@data-test-id='dp_form_colony_dropdown'],//div[@data-test-id='dp_form_colony_dropdown'],//div[@data-test-id='dp_form_colony_dropdown'],//div[@data-test-id='dp_form_colony_dropdown'],,//div[@data-test-id='dp_form_colony_dropdown'],,,,,,,,//div[@data-test-id='dp_form_colony_dropdown']
1,VIEWCART,isDisplayable,//*[@id='Sku_Details']/table[9]/tbody/tr[7]/td[3],//*[@id='Sku_Details']/table[9]/tbody/tr[7]/td[3],//*[@id='Sku_Details']/table[9]/tbody/tr[7]/td[3],//*[@id='Sku_Details']/table[9]/tbody/tr[7]/td[3],//*[@id='Sku_Details']/table[9]/tbody/tr[7]/td[3],//*[@id='Sku_Details']/table[9]/tbody/tr[7]/td[3],//*[@id='Sku_Details']/table[9]/tbody/tr[7]/td[3],//*[@id='Sku_Details']/table[9]/tbody/tr[7]/td[3],//*[@id='Sku_Details']/table[9]/tbody/tr[7]/td[3],//*[@id='Sku_Details']/table[9]/tbody/tr[7]/td[3],//*[@id='Sku_Details']/table[9]/tbody/tr[7]/td[3],//*[@id='Sku_Details']/table[9]/tbody/tr[7]/td[3],//*[@id='Sku_Details']/table[9]/tbody/tr[7]/td[3],//*[@id='Sku_Details']/table[9]/tbody/tr[7]/td[3],//*[@id='Sku_Details']/table[9]/tbody/tr[7]/td[3],//*[@id='Sku_Details']/table[9]/tbody/tr[7]/td[3],//*[@id='Sku_Details']/table[9]/tbody/tr[7]/td[3]
1,VIEWCART,sppUrl,"//table/tbody/tr[contains(.,'displayableProduct')]/td[last()]/a","//table/tbody/tr[contains(.,'displayableProduct')]/td[last()]/a","//table/tbody/tr[contains(.,'displayableProduct')]/td[last()]/a","//table/tbody/tr[contains(.,'displayableProduct')]/td[last()]/a","//table/tbody/tr[contains(.,'displayableProduct')]/td[last()]/a","//table/tbody/tr[contains(.,'displayableProduct')]/td[last()]/a","//table/tbody/tr[contains(.,'displayableProduct')]/td[last()]/a","//table/tbody/tr[contains(.,'displayableProduct')]/td[last()]/a","//table/tbody/tr[contains(.,'displayableProduct')]/td[last()]/a","//table/tbody/tr[contains(.,'displayableProduct')]/td[last()]/a","//table/tbody/tr[contains(.,'displayableProduct')]/td[last()]/a","//table/tbody/tr[contains(.,'displayableProduct')]/td[last()]/a","//table/tbody/tr[contains(.,'displayableProduct')]/td[last()]/a","//table/tbody/tr[contains(.,'displayableProduct')]/td[last()]/a","//table/tbody/tr[contains(.,'displayableProduct')]/td[last()]/a","//table/tbody/tr[contains(.,'displayableProduct')]/td[last()]/a","//table/tbody/tr[contains(.,'displayableProduct')]/td[last()]/a"
1,VIEWCART,noDisplayableProductError,"//p[contains(text(),'NO DISPLAYABLE PRODUCT')]","//p[contains(text(),'NO DISPLAYABLE PRODUCT')]","//p[contains(text(),'NO DISPLAYABLE PRODUCT')]","//p[contains(text(),'NO DISPLAYABLE PRODUCT')]","//p[contains(text(),'NO DISPLAYABLE PRODUCT')]","//p[contains(text(),'NO DISPLAYABLE PRODUCT')]","//p[contains(text(),'NO DISPLAYABLE PRODUCT')]","//p[contains(text(),'NO DISPLAYABLE PRODUCT')]","//p[contains(text(),'NO DISPLAYABLE PRODUCT')]","//p[contains(text(),'NO DISPLAYABLE PRODUCT')]","//p[contains(text(),'NO DISPLAYABLE PRODUCT')]","//p[contains(text(),'NO DISPLAYABLE PRODUCT')]","//p[contains(text(),'NO DISPLAYABLE PRODUCT')]","//p[contains(text(),'NO DISPLAYABLE PRODUCT')]","//p[contains(text(),'NO DISPLAYABLE PRODUCT')]","//p[contains(text(),'NO DISPLAYABLE PRODUCT')]","//p[contains(text(),'NO DISPLAYABLE PRODUCT')]"
1,VIEWCART,javaAlertPopup,,,,,,,,,El siguiente producto,,,O item a seguir foi,,,,,
1,VIEWCART,addToBagSPP,"//button[contains(@data-test-id,'add')]","//a[contains(@data-test-id,'add')]","//button[contains(@data-test-id,'add')]","//a[contains(@data-test-id,'add')]","//button[contains(@data-test-id,'add')]",(//a[@class='product-add-to-bag js-add-to-cart js-product-cta']),"//button[contains(@data-test-id,'add')]","//*[contains(@class,'js-product-full-bag-btn')]//*[@data-test-id='add-to-cart' and not(contains(@class,'disabled'))]","//a[contains(@data-test-id,'add')]","//a[contains(@data-test-id,'add')]","//button[contains(@data-test-id,'add')]","//a[contains(@data-test-id,'add')]","//button[contains(@data-test-id,'add')]","//div[contains(@class,'product')]//a[@data-test-id='add-to-cart']","//a[contains(@data-test-id,'add')]","//button[contains(@data-test-id,'add')]",//button[@data-test-id='add_to_bag_btn']
1,VIEWCART,clickCartpageLink,//a[@data-test-id='form_cart_checkout'],//a[@data-test-id='cart_overlay_checkout'],//a[@data-test-id='cart_overlay_checkout'],//a[@data-test-id='cart_overlay_checkout'],//a[@data-test-id='cart_overlay_checkout'],"//a[contains(@class,'js-gnav-cart-checkout')]","//span[contains(@class,'cart-icon')]|//span[@class='page-utilities__cart-icon']",//*[@data-test-id='cart_overlay_viewcart'],//a[@data-test-id='cart_overlay_checkout'],//a[@data-test-id='cart_overlay_checkout'],//a[@data-test-id='cart_overlay_checkout'],"//*[contains(@class, 'bag-label')]","//a[contains(@class,'gnav-util-cart__content-products-checkout-button')]",//a[@class='button button--inverted button--full'],//a[@data-test-id='cart_overlay_checkout'],//a[@data-test-id='form_cart_checkout'],//a[@class='gnav-util-cart__content-products-checkout-button button button--dark']
1,VIEWCART,cartCountValue,"//div[contains(@class,'cart-count')]",//span[@id='site-bag-count'],"//em[contains(@class,'header-gnav-cart__count')]",//span[@id='site-bag-count'],"//em[contains(@class,'header-gnav-cart__count')]","//span[contains(@class,'js-cart-count')]","//div[contains(@class,'cart-count')]",//span[@class='site-utils__cart-qty js-cart_count'],"//span[contains(@class,'count')]","//span[contains(@id,'count')]","//em[contains(@class,'header-gnav-cart__count')]","//span[contains(@class,'count')]","//span[contains(@class,'gnav-util__icon__cart-count')]","//span[contains(@class,'count')]","//span[contains(@class,'gnav-util__icon__cart-count')]","//div[contains(@class,'cart-count')]",//span[@class='gnav-util__icon__cart-count']
1,VIEWCART,clickCartpageLinkMob,//a[@data-test-id='form_cart_checkout'],//a[@data-test-id='cart_overlay_checkout'],"//a[contains(@href,'/checkout')]",//a[@data-test-id='cart_overlay_checkout'],"//a[contains(@href,'/checkout')]","//a[contains(@class,'js-gnav-cart-checkout')]","//span[contains(@class,'cart-icon')]",//*[@data-test-id='cart_overlay_viewcart'],//a[@data-test-id='cart_overlay_checkout'],//a[@data-test-id='cart_overlay_checkout'],"//a[contains(@href,'/checkout')]",//*[@data-test-id='cart_overlay_checkout'],"//a[contains(@class,'gnav-util-cart__content-products-checkout-button')]",//a[@class='button button--inverted button--full'],//a[@data-test-id='cart_overlay_checkout'],//a[@data-test-id='form_cart_checkout'],//a[@class='gnav-util-cart__content-products-checkout-button button button--dark']
1,VIEWCART,checkoutCont,,,,,//a[@data-test-id='cart_primarycheckout'],,,,,,,,,,,,
1,VIEWCART,useDoubleClick,,,,,,,,,,,TRUE,,,,TRUE,,
1,CHECKOUTSIGNIN,qaTestEmail,,,,,,,,,,TRUE,TRUE,TRUE,TRUE,,TRUE,TRUE,
1,VIEWCART,emptyCart,//div[@id='error_cart.empty'],//div[@id='error_cart.empty'],//h2[@class='cart-info'],//div[@id='error_cart.empty'],//h2[@class='cart-info'],//div[@id='error_cart.empty'],//div[@id='error_cart.empty'],//div[@id='error_cart.empty'],//div[@class='empty-cart']/h4,//div[@id='error_cart.empty'],"//div[contains(@id,'error_cart')]",//*[@id='error_cart.empty'],,//div[@id='error_cart.empty'],//div[@id='error_cart.empty'],//div[@id='error_cart.empty'],//div[@id='error_cart.empty']
1,VIEWCART,emptyCartMob,//div[@id='error_cart.empty'],//div[@id='error_cart.empty'],//h2[@class='cart-info'],//div[@id='error_cart.empty'],//h2[@class='cart-info'],//div[@id='error_cart.empty'],//div[@id='error_cart.empty'],//div[@id='error_cart.empty'],//div[@class='empty-cart']/h4,//div[@id='error_cart.empty'],"//div[contains(@id,'error_cart')]",//*[@id='error_cart.empty'],,//div[@id='error_cart.empty'],//div[@id='error_cart.empty'],//div[@id='error_cart.empty'],//div[@id='error_cart.empty']
1,VIEWCART,cartpageUrlText,/checkout/viewcart.tmpl,/checkout/viewcart.tmpl,/checkout/viewcart.tmpl,/checkout/viewcart.tmpl,/checkout/viewcart.tmpl,/checkout/viewcart.tmpl,/checkout/viewcart.tmpl,/checkout/viewcart.tmpl,/checkout/viewcart.tmpl,/checkout/viewcart.tmpl,/checkout/viewcart.tmpl,/checkout/viewcart.tmpl,/checkout/viewcart.tmpl,/checkout/viewcart.tmpl,/checkout/viewcart.tmpl,/checkout/viewcart.tmpl,/checkout/viewcart.tmpl
1,PAYMENT,paypalRadioBtn,,,,//span[@data-test-id='pp_radio_button_Braintree_undefined'],//span[@data-test-id='pp_radio_button_Braintree_undefined'],,//span[@data-test-id='pp_radio_button_Braintree_undefined'],"//*[contains(@id,'PAYMENT_METHOD--index--pp_braintree_label')]",//span[@data-test-id='pp_radio_button_Braintree_undefined'],,,,,//input[@data-test-id='payment_select_paypal'],,,//span[@data-test-id='pp_radio_button_Braintree_undefined']
1,PAYMENT,paypalBtn,,,,//div[@class='paypal-button-label-container'],//div[@class='paypal-button-label-container'],,//div[@class='paypal-button-label-container'],//*[@class='paypal-button-label-container'],//div[@class='paypal-button-label-container'],,,,,//div[@class='paypal-button-label-container'],,,//div[@class='paypal-button-label-container']
1,PAYMENT,cashTypeDrpLoc,,,,,,,,,,,,,,,,,
1,PAYMENT,cashTypeDataLoc,,,,,,,,,,,,,,,,,
1,VIEWCART,clickHamIcon,,,"//button[contains(@class,'js-gnav-header-formatter__hamburger button-as-link')]",//label[@id='gnav_mobile_trigger'],"//button[contains(@class,'js-gnav-header-formatter__hamburger button-as-link')]",(//div[@class='gnav-util gnav-util--hamburger']/a)[2],,//label[@id='gnav_mobile_trigger'],//label[@class='js-gnav-mobile-trigger'],,"//button[contains(@class,'js-gnav-header-formatter__hamburger button-as-link')]",//*[@id='gnav_mobile_trigger'],//label[@class='gnav-header-block__menu-icon-label'],//a[@class='js-nav-launch site-header__utility-item site-header__utility-hamburger'],,,//label[@class='gnav-header-block__menu-icon-label']
1,ACCOUNTSIGNUP,mobActSignupId,,//a[@data-test-id='home_gnav_button_signin'],"//a[contains(@class,'js-login-status--anonymous js-track-main-category-link')]",//span[@class='site-header-formatter__links-link-label'],"//a[contains(@class,'js-login-status--anonymous js-track-main-category-link')]",(//a[text()='Registrarme / Iniciar Sesión'])[2],,"//div[contains(@class,'js-site-header-formatter-signin')]/a",(//a[@class='site-header__utility-item__link js-gnav-util-trigger-account'])[2],//label[@class='site-my-mac__link-label no-js-element'],"//a[contains(@class,'js-login-status--anonymous js-track-main-category-link')]","(//*[contains(@class, 'trigger-account')])[2]",//a[@class='js-gnav-header-sections__links-link-account'],//a[@class='site-header__menu-item guest-content'],//a[@class='js-gnav-util-trigger gnav-util__icon gnav-util__icon--account'],//span[@data-test-id='gnav_account_menu_login'],//a[@class='js-gnav-header-sections__links-link-account']
1,ACCOUNTSIGNUP,mobActHome,,,//div[@class='header-gnav-account-link__text account-auth-text--default gnav-header-formatter__bottom-link'],,"//div[contains(@class,'header-gnav-account-link__text header-gnav-account-link__text-default account-auth-text--default')]",,,"//div[contains(@class,'js-site-header-formatter-signin')]/a",,,"//div[contains(@class,'header-gnav-account-link__text header-gnav-account-link__text-default account-auth-text--default')]",,,,,,
1,ACCOUNTSIGNUP,accountMobSubmitIdOne,//a[@class='sign-in-component__close text--form-help'],,,,,,//a[@class='sign-in-component__close text--form-help'],,,,,,,,,//a[@class='sign-in-component__close text--form-help'],
1,MYACCOUNT,goBackBtn,//a[@class='account-breadcrumb'],,,,,,//a[@class='account-breadcrumb'],,//a[@class='account-breadcrumb icon icon--caret--left back-link'],,,//*[text()='Voltar'],,//a[@class='icon icon--caret--left pc-hidden back-link'],//a[@class='icon icon--arrow-left-1 pc-hidden back-link'],//a[@class='account-breadcrumb'],
1,MYACCOUNT,isGoBack,FALSE,FALSE,TRUE,,TRUE,,,TRUE,,,TRUE,,,,,,
1,MYACCOUNT,goBackBtnOne,//a[@class='account-breadcrumb'],,,,,,//a[@class='account-breadcrumb'],,,,,,,,,,
1,SHIPPING,colonyTextLoc,,,,,,,,,,,,,,//div[@value='El Tejabán'],,,
1,MYACCOUNT,useGoBackBtn,TRUE,,,,,,TRUE,,TRUE,,,TRUE,,TRUE,TRUE,TRUE,
1,SHIPPING,colonyIdClick,"//div[contains(@class,'elc-dropdown js-dropdown js-shipping-city-input')]/div","//div[contains(@class,'elc-dropdown js-dropdown js-shipping-city-input')]/div","//div[contains(@class,'elc-dropdown js-dropdown js-shipping-city-input')]/div",,,,//*[@data-test-id='dp_form_colony_dropdown']/button,,,,,,,,,,
1,SHIPPING,colonyIdClickTwo,//li[@id='downshift-1-item-0'],//li[@id='downshift-1-item-0'],//li[@id='downshift-1-item-0'],,,,//li[@id='downshift-0-item-0'],,,,,,,,,,
1,SHIPPING,regionIdClick,//div[@data-test-id='dp_form_state_dropdown'],//div[@data-test-id='dp_form_state_dropdown'],//div[@data-test-id='dp_form_state_dropdown'],,,,,,,,,,,,,,
1,SHIPPING,regionIdClickTwo,//li[@id='downshift-0-item-0'],"//li[contains(@id,'downshift-0-item-0')]","//li[contains(@id,'downshift-0-item-0')]",,,,,,,,,,,,,,
1,SHIPPING,secondlineAddress,,,,,,,,,,//input[@name='secondLineAddress'],//input[@name='secondLineAddress'],//input[@id='shipping-second-line-input'],//input[@name='secondLineAddress'],,//input[@data-test-id='form_address_second_line_field'],,
1,PAYMENT,afterpayBtn,,,,//a[@class='afterpay-eligible btn btn--big btn-primary continue-checkout pc-hidden'],,,,,,,,,,,,,
1,SHIPPING,populatedAddress,,,,,,,,//option[@value='México'],,"//input[contains(@value,'Bra')]","//input[contains(@value,'Bra')]",,"//input[contains(@value,'Bra')]",,,"//input[contains(@value,'Bras')]",
1,PAYMENT,paymentPageCheck,,,,,,,,,,,,,,,//span[@data-test-id='pp_radio_button_AdyenWeb_AWCCC'],,
1,PAYMENT,paymentPageReload,,,,,,,,,,,,,,,,,
1,SHIPPING,useScrollIntoView,,,,//div[@data-test-id='dp_form_colony_dropdown'],//div[@data-test-id='dp_form_colony_dropdown'],//div[@data-test-id='dp_form_colony_dropdown'],//div[@data-test-id='dp_form_colony_dropdown'],//div[@data-test-id='dp_form_colony_dropdown'],,,,,,,,,//div[@data-test-id='dp_form_colony_dropdown']
1,VIEWCART,transId,"//script[contains(.,'trans_id')]","//script[contains(.,'trans_id')]","//script[contains(.,'trans_id')]","//script[contains(.,'trans_id')]","//script[contains(.,'trans_id')]","//script[contains(.,'trans_id')]","//script[contains(.,'trans_id')]","//script[contains(.,'trans_id')]","//script[contains(.,'trans_id')]","//script[contains(.,'trans_id')]","//script[contains(.,'trans_id')]","//script[contains(.,'trans_id')]","//script[contains(.,'trans_id')]","//script[contains(.,'trans_id')]","//script[contains(.,'trans_id')]","//script[contains(.,'trans_id')]","//script[contains(.,'trans_id')]"
1,ADMIN,randomSkuUrl,/shared/prodcat/random_sku.tmpl,/shared/prodcat/random_sku.tmpl,/shared/prodcat/random_sku.tmpl,/shared/prodcat/random_sku.tmpl,/shared/prodcat/random_sku.tmpl,/shared/prodcat/random_sku.tmpl,/shared/prodcat/random_sku.tmpl,/shared/prodcat/random_sku.tmpl,/shared/prodcat/random_sku.tmpl,/shared/prodcat/random_sku.tmpl,/shared/prodcat/random_sku.tmpl,/shared/prodcat/random_sku.tmpl,/shared/prodcat/random_sku.tmpl,/shared/prodcat/random_sku.tmpl,/shared/prodcat/random_sku.tmpl,/shared/prodcat/random_sku.tmpl,/shared/prodcat/random_sku.tmpl
1,ADMIN,productLink,"//a[contains(@href,'product') and not(contains(@href,'shared'))]","//a[contains(@href,'product') and not(contains(@href,'shared'))]","//a[contains(@href,'product') and not(contains(@href,'shared'))]","//a[contains(@href,'product') and not(contains(@href,'shared'))]","//a[contains(@href,'product') and not(contains(@href,'shared'))]","//a[contains(@href,'product') and not(contains(@href,'shared'))]","//a[contains(@href,'product') and not(contains(@href,'shared'))]","//a[contains(@href,'product') and not(contains(@href,'shared'))]","//a[contains(@href,'product') and not(contains(@href,'shared'))]","//a[contains(@href,'product') and not(contains(@href,'shared'))]","//a[contains(@href,'product') and not(contains(@href,'shared'))]","//a[contains(@href,'product') and not(contains(@href,'shared'))]","//a[contains(@href,'product') and not(contains(@href,'shared'))]","//a[contains(@href,'product') and not(contains(@href,'shared'))]","//a[contains(@href,'product') and not(contains(@href,'shared'))]","//a[contains(@href,'product') and not(contains(@href,'shared'))]","//a[contains(@href,'product') and not(contains(@href,'shared'))]"
1,ADMIN,deleteCartURL,/deletecart.tmpl,/deletecart.tmpl,/deletecart.tmpl,/deletecart.tmpl,/deletecart.tmpl,/deletecart.tmpl,/deletecart.tmpl,/deletecart.tmpl,/deletecart.tmpl,/deletecart.tmpl,/deletecart.tmpl,/deletecart.tmpl,/deletecart.tmpl,/deletecart.tmpl,/deletecart.tmpl,/deletecart.tmpl,/deletecart.tmpl
1,CONFIG ,skuLink,"//a[contains(@href,'sku_info')]","//a[contains(@href,'sku_info')]","//a[contains(@href,'sku_info')]","//a[contains(@href,'sku_info')]","//a[contains(@href,'sku_info')]","//a[contains(@href,'sku_info')]","//a[contains(@href,'sku_info')]","//a[contains(@href,'sku_info')]","//a[contains(@href,'sku_info')]","//a[contains(@href,'sku_info')]","//a[contains(@href,'sku_info')]","//a[contains(@href,'sku_info')]","//a[contains(@href,'sku_info')]","//a[contains(@href,'sku_info')]","//a[contains(@href,'sku_info')]","//a[contains(@href,'sku_info')]","//a[contains(@href,'sku_info')]"
1,MYACCOUNT,myAccountMob,,//*[@class='site-my-mac__contents-account']//*[@href='/account/index.tmpl'],,,,,,,,,,,,,,,
1,MYACCOUNT,goBackMob,,,TRUE,,,,,,,,,,,,,,
1,ADMIN,randomSkuUrlElem,,,,,,,,,,/shared/prodcat/random_sku.tmpl,/shared/prodcat/random_sku.tmpl,,,,,,
1,CONFIG ,skuInfoElem,,,,,,,,,,"//a[contains(@href,'sku_info')]","//a[contains(@href,'sku_info')]",,,,,,
1,ADMIN,isShoppableElem,,,,,,,,,,//*[@id='Sku_Details']/table[9]/tbody/tr[8]/td[3],//*[@id='Sku_Details']/table[9]/tbody/tr[8]/td[3],,,,,,
1,VIEWCART,isDisplayableElem,,,,,,,,,,//*[@id='Sku_Details']/table[9]/tbody/tr[7]/td[3],//*[@id='Sku_Details']/table[9]/tbody/tr[7]/td[3],,,,,,
1,VIEWCART,displayableProductElem,,,,,,,,,,"//table/tbody/tr[contains(.,'displayableProduct')]/td[last()]/a","//table/tbody/tr[contains(.,'displayableProduct')]/td[last()]/a",,,,,,
1,VIEWCART,noDisplayableProductErrorElem,,,,,,,,,,"//p[contains(text(),'NO DISPLAYABLE PRODUCT')]","//p[contains(text(),'NO DISPLAYABLE PRODUCT')]",,,,,,
1,ADMIN,prodCatUrl,,,,,,,,,,//shared//prodcat//sku_info.tmpl?SKU_ID=,//shared//prodcat//sku_info.tmpl?SKU_ID=,,,,,,
1,VIEWCART,pdpAddToBagElem,,,,,,,,,,"//a[contains(@data-test-id,'add')]","//button[contains(@data-test-id,'add')]",,,,,,
1,VIEWCART,pdpBagCountElem,,,,,,,,,,"//span[contains(@id,'count')]","//em[contains(@class,'header-gnav-cart__count')]",,,,,,
1,VIEWCART,pdpCartLinkElem,,,,,,,,,,(//a[@data-test-id='cart_overlay_checkout'])[1],//a[@data-test-id='cart_overlay_checkout'],,,,,,
1,VIEWCART,cartContinueElem,,,,,,,,,,"//a[contains(@class,'continue-checkout')]|//input[contains(@class,'btn--fixed_width form-submit')]",//a[@data-test-id='cart_primarycheckout'],,,,,,
1,VIEWCART,pdpProductGridElem,,,,,,,,,,"//div[contains(@class,'product-full')]","//div[contains(@class,'sd-product-spp__product-full')]",,,,,,
1,VIEWCART,mobPdpProductGridElem,,,,,,,,,,"//div[contains(@class,'product-full')]","//div[contains(@class,'sd-product-spp__product-full')]",,,,,,
1,VIEWCART,cartURLTextElem,,,,,,,,,,/checkout/viewcart.tmpl,/checkout/viewcart.tmpl,,,,,,
1,SAMPLES,sampleContinue1stElem,,,,,,,,,,,//a[@class='continue-checkout-link'],,,,,,
1,VIEWCART,cartEmptyBagErrorMsgElem,,,,,,,,,,//div[@id='error_cart.empty'],//div[@class='empty-cart-message'],,,,,,
1,SAMPLES,sampleContinue2ndElem,,,,,,,,,,,,,,,,,
1,SAMPLES,sampleContinue3rdElem,,,,,,,,,,,,,,,,,
1,SAMPLES,sampleScrollFlagElem,,,,,,,,,,0,0,,,,,,
1,SHIPPING,shipFirstNameElem,,,,,,,,,,(//input[@id='shipping-full-name-input'])[1],(//input[@id='shipping-full-name-input'])[1],,,,,,
1,SHIPPING,shipZipCodeElem,,,,,,,,,,#shipping-zip-code-input,#shipping-zip-code-input,,,,,,
1,SHIPPING,shipPhoneElem,,,,,,,,,,#shipping-phone1-input,#shipping-phone1-input,,,,,,
1,SHIPPING,shipAddress2Elem,,,,,,,,,,#shipping-second-line-input,#shipping-second-line-input,,,,,,
1,SHIPPING,shipContinueElem,,,,,,,,,,button[class*='elc-delivery-screen-continue-button'],button[class*='js-delivery-screen-continue-button'],,,,,,
1,PAYMENT,paymentCreditCardNumberElem,,,,,,,,,,input[id*='adyen-checkout-encryptedCardNumber'],input[id*='adyen-checkout-encryptedCardNumber'],,,,,,
1,PAYMENT,paymentCvvNumberElem,,,,,,,,,,input[id*='adyen-checkout-encryptedSecurityCode'],input[id*='adyen-checkout-encryptedSecurityCode'],,,,,,
1,PAYMENT,paymentMonthYearElem,,,,,,,,,,input[id*='adyen-checkout-encryptedExpiryDate'],input[id*='adyen-checkout-encryptedExpiryDate'],,,,,,
1,PAYMENT,paymentCardHolderNameElem,,,,,,,,,,input[id*='adyen-checkout-holderName'],input[id*='adyen-checkout-holderName'],,,,,,
1,PAYMENT,paymentCreditCardContinueElem,,,,,,,,,,button.adyen-checkout__button.adyen-checkout__button--pay,button.adyen-checkout__button.adyen-checkout__button--pay,,,,,,
1,PAYMENT,paymentIframeMonthYearElem,,,,,,,,,,iframe[title*='Iframe para data de validade do cartão seguro'],iframe[title*='Iframe para data de validade do cartão seguro'],,,,,,
1,PAYMENT,paymentIframeCreditCardElem,,,,,,,,,,iframe[title='Iframe para número de cartão seguro'],iframe[title='Iframe para número de cartão seguro'],,,,,,
1,PAYMENT,paymentIframeCvvElem,,,,,,,,,,iframe[title*='Iframe para código de segurança do cartão seguro'],iframe[title*='Iframe para código de segurança do cartão seguro'],,,,,,
1,PDP,mobPdpAddToBagElem,,,,,,,,,,"//a[contains(@data-test-id,'add')]",(//button[@data-test-id='add_to_bag_btn'])[1],,,,,,
1,VIEWCART,mobPdpCartLinkElem,,,,,,,,,,(//a[@data-test-id='cart_overlay_checkout'])[1],//a[@data-test-id='cart_overlay_checkout'],,,,,,
1,VIEWCART,mobCartEmptyBagErrorMsgElem,,,,,,,,,,//div[@id='error_cart.empty'],//div[@class='empty-cart-message'],,,,,,
1,VIEWCART,mobCartContinueElem,,,,,,,,,,"//a[contains(@class,'continue-checkout')]|//input[contains(@class,'btn--fixed_width form-submit')]","//a[contains(@data-test-id,'cart_primarycheckout')]",,,,,,
1,SHIPPING,mobShipFirstNameElem,,,,,,,,,,(//input[@id='shipping-full-name-input'])[1],(//input[@id='shipping-full-name-input'])[1],,,,,,
1,SHIPPING,mobShipZipCodeElem,,,,,,,,,,#shipping-zip-code-input,#shipping-zip-code-input,,,,,,
1,SHIPPING,mobShipPhoneElem,,,,,,,,,,#shipping-phone1-input,#shipping-phone1-input,,,,,,
1,SHIPPING,mobShipAddress2Elem,,,,,,,,,,#shipping-second-line-input,#shipping-second-line-input,,,,,,
1,SHIPPING,mobShipContinueElem,,,,,,,,,,button[class*='elc-delivery-screen-continue-button'],//button[@data-test-id='dp_continue_checkout'],,,,,,