tt,Page,BrandLocale,BU-US,BK-US,CL-US,DJ-US,MC-US,OR-US,EL-US,AV-US,BB-US,LM-US,JM-US,TF-US,BU-CA,MC-CA,CL-CA,EL-CA,AV-CA,BB-CA,LM-CA,JM-CA
1,CONFIG,timeoutSetting,180000,180000,199000,180000,199000,199000,180000,180000,180000,180000,180000,199000,180000,180000,180000,180000,180000,180000,180000,180000
1,CONFIG,closePopup,//button[@id='cboxClose'],//button[@id='cboxClose'],//button[@id='cboxClose'],//button[@id='cboxClose'],//button[@id='cboxClose'],//button[@id='cboxClose'],//button[@id='cboxClose'],//button[@id='cboxClose'],//button[@id='cboxClose'],//button[@id='cboxClose'],//button[@id='cboxClose'],//button[@id='cboxClose'],//button[@id='cboxClose'],//a[@class='close-link'],//button[@id='cboxClose'],//button[@id='cboxClose'],//button[@id='cboxClose'],//button[@id='cboxClose'],//button[@id='cboxClose'],//button[@id='cboxClose']
1,ADMIN,restrictedProductUrl,/shared/prodcat/sku_info.tmpl?CATEGORY_ID=CAT24187&SKU_ID=SKU86408,/shared/prodcat/sku_info.tmpl?SKU_ID=83338&CART_ID=,/shared/prodcat/sku_info.tmpl?SKU_ID=75221,/shared/prodcat/sku_info.tmpl?CATEGORY_ID=CAT24187&SKU_ID=SKU86408,/shared/prodcat/sku_info.tmpl?CATEGORY_ID=CAT13815&SKU_ID=SKU34807,/shared/prodcat/sku_info.tmpl?SKU_ID=22426&CART_ID=,/shared/prodcat/sku_info.tmpl?SKU_ID=95587,/shared/prodcat/sku_info.tmpl?SKU_ID=89401,/shared/prodcat/sku_info.tmpl?SKU_ID=40208,/shared/prodcat/sku_info.tmpl?SKU_ID=SKU85388&CART_ID=,/shared/prodcat/sku_info.tmpl?SKU_ID=SKU100053&CART_ID=,/shared/prodcat/sku_info.tmpl?SKU_ID=158555,,,,,,,,
1,SAMPLES,signupPopupClose,,,,,,,,"//*[contains(@class,'signin-widget__tout--close js-signin-widget-close jquery-once-1-processed')]",,,,,,,,,"//*[contains(@class,'signin-widget__tout--close js-signin-widget-close jquery-once-1-processed')] | //*[contains(@class,'interstitial_close_cbox_close')]",,,
1,CART,cartPopupClose,//*[@data-test-id='overlay_close'],#cboxClose,#cboxClose,"//*[contains(@title,'Close')]",#cboxClose,//button[@id='cboxClose'],"//*[@data-test-id='overlay_close'] | //*[contains(@class,'site-banner-formatter__close-icon')]",#cboxClose,#cboxClose,"//*[contains(@class,'gnav-header-formatter__close')]",#cboxClose,#cboxClose,#cboxClose,#cboxClose,"//*[contains(@class,'close-link')] | //*[contains(@class,'gnav-cart__close jquery-once-1-processed')]",#cboxClose,#cboxClose,#cboxClose,//button[@id='cboxClose'],#cboxClose
1,SHIPPING,enterFirstName,//input[@data-test-id='shipping-first-name-input'],//input[@data-test-id='shipping-first-name-input'],//input[@data-test-id='shipping-first-name-input'],//input[@data-test-id='shipping-first-name-input'],//input[@data-test-id='shipping-first-name-input'],//input[@data-test-id='shipping-first-name-input'],//input[@data-test-id='shipping-first-name-input'],//input[@data-test-id='shipping-first-name-input'],//input[@data-test-id='shipping-first-name-input'],//input[@id='shipping-first-name-input'],//input[@id='shipping-first-name-input'],//input[@data-test-id='shipping-first-name-input'],//input[@data-test-id='shipping-first-name-input'],//input[@data-test-id='shipping-first-name-input'],//input[@data-test-id='shipping-first-name-input'],//input[@data-test-id='shipping-first-name-input'],//input[@data-test-id='shipping-first-name-input'],//input[@data-test-id='shipping-first-name-input'],//input[@id='shipping-first-name-input'],//input[@id='shipping-first-name-input']
1,SHIPPING,enterLastName,//input[@data-test-id='shipping-last-name-input'],//input[@data-test-id='shipping-last-name-input'],//input[@data-test-id='shipping-last-name-input'],//input[@data-test-id='shipping-last-name-input'],//input[@data-test-id='shipping-last-name-input'],//input[@data-test-id='shipping-last-name-input'],//input[@data-test-id='shipping-last-name-input'],//input[@data-test-id='shipping-last-name-input'],//input[@data-test-id='shipping-last-name-input'],//input[@id='shipping-last-name-input'],//input[@id='shipping-last-name-input'],//input[@data-test-id='shipping-last-name-input'],//input[@data-test-id='shipping-last-name-input'],//input[@data-test-id='shipping-last-name-input'],//input[@data-test-id='shipping-last-name-input'],//input[@data-test-id='shipping-last-name-input'],//input[@data-test-id='shipping-last-name-input'],//input[@data-test-id='shipping-last-name-input'],//input[@id='shipping-last-name-input'],//input[@id='shipping-last-name-input']
1,SHIPPING,enterAddress1,//input[@data-test-id='form_address_first_line_field'],//input[@data-test-id='form_address_first_line_field'],//input[@data-test-id='form_address_first_line_field'],//input[@data-test-id='form_address_first_line_field'],//input[@data-test-id='form_address_first_line_field'],//input[@data-test-id='form_address_first_line_field'],//input[@data-test-id='form_address_first_line_field'],//input[@data-test-id='form_address_first_line_field'],//input[@data-test-id='form_address_first_line_field'],//input[@id='shipping-first-line-input'],//input[@id='shipping-first-line-input'],//input[@data-test-id='form_address_first_line_field'],//input[@data-test-id='form_address_first_line_field'],//input[@data-test-id='form_address_first_line_field'],//input[@data-test-id='form_address_first_line_field'],//input[@data-test-id='form_address_first_line_field'],//input[@data-test-id='form_address_first_line_field'],//input[@data-test-id='form_address_first_line_field'],//input[@id='shipping-first-line-input'],//input[@id='shipping-first-line-input']
1,SHIPPING,enterAddress2,//input[@data-test-id='form_address_second_line_field'],//input[@data-test-id='form_address_second_line_field'],//input[@data-test-id='form_address_second_line_field'],//input[@data-test-id='form_address_second_line_field'],//input[@data-test-id='form_address_second_line_field'],//input[@data-test-id='form_address_second_line_field'],//input[@data-test-id='form_address_second_line_field'],//input[@data-test-id='form_address_second_line_field'],//input[@data-test-id='form_address_second_line_field'],//input[@id='shipping-second-line-input'],//input[@id='shipping-second-line-input'],//input[@data-test-id='form_address_second_line_field'],//input[@data-test-id='form_address_second_line_field'],//input[@data-test-id='form_address_second_line_field'],//input[@data-test-id='form_address_second_line_field'],//input[@data-test-id='form_address_second_line_field'],//input[@data-test-id='form_address_second_line_field'],//input[@data-test-id='form_address_second_line_field'],//input[@id='shipping-second-line-input'],//input[@id='shipping-second-line-input']
1,SHIPPING,enterZIPCODE,//input[@data-test-id='form_address_zipcode_field'],//input[@data-test-id='form_address_zipcode_field'],//input[@data-test-id='form_address_zipcode_field'],//input[@data-test-id='form_address_zipcode_field'],//input[@data-test-id='form_address_zipcode_field'],//input[@data-test-id='form_address_zipcode_field'],//input[@data-test-id='form_address_zipcode_field'],//input[@data-test-id='form_address_zipcode_field'],//input[@data-test-id='form_address_zipcode_field'],//input[@id='shipping-zip-code-input'],//input[@id='shipping-zip-code-input'],//input[@data-test-id='form_address_zipcode_field'],//input[@data-test-id='form_address_zipcode_field'],//input[@data-test-id='form_address_zipcode_field'],//input[@data-test-id='form_address_zipcode_field'],//input[@data-test-id='form_address_zipcode_field'],//input[@data-test-id='form_address_zipcode_field'],//input[@data-test-id='form_address_zipcode_field'],//input[@id='shipping-zip-code-input'],//input[@id='shipping-zip-code-input']
1,SHIPPING,enterPhone,//input[@data-test-id='form_phone_field'],//input[@data-test-id='form_phone_field'],//input[@data-test-id='form_phone_field'],//input[@data-test-id='form_phone_field'],//input[@data-test-id='form_phone_field'],//input[@data-test-id='form_phone_field'],//input[@data-test-id='form_phone_field'],//input[@data-test-id='form_phone_field'],//input[@data-test-id='form_phone_field'],//input[@id='shipping-phone1-input'],//input[@id='shipping-phone1-input'],//input[@data-test-id='form_phone_field'],//input[@data-test-id='form_phone_field'],//input[@data-test-id='form_phone_field'],//input[@data-test-id='form_phone_field'],//input[@data-test-id='form_phone_field'],//input[@data-test-id='form_phone_field'],//input[@data-test-id='form_phone_field'],//input[@id='shipping-number-input'],//input[@id='shipping-number-input']
1,SHIPPING,enterCity,,//input[@data-test-id='form_address_city_field'],,,,,,,,,,,//input[@data-test-id='form_address_city_field'],//input[@data-test-id='form_address_city_field'],//input[@data-test-id='form_address_city_field'],//input[@data-test-id='form_address_city_field'],//input[@data-test-id='form_address_city_field'],//input[@data-test-id='form_address_city_field'],//input[@id='shipping-city-input'],//input[@id='shipping-city-input']
1,SHIPPING,selectState,,,,,,,,,,,,,//div[@data-test-id='dp_form_state_dropdown'],//div[@data-test-id='dp_form_state_dropdown'],//div[@data-test-id='dp_form_state_dropdown'],//div[@data-test-id='dp_form_state_dropdown'],//div[@data-test-id='dp_form_state_dropdown'],//div[@data-test-id='dp_form_state_dropdown'],//div[@data-test-id='dp_form_state_dropdown'],//div[@data-test-id='dp_form_state_dropdown']
1,SHIPPING,state,,,,,,,,,,,,,//*[@title='Ontario'],//*[@title='Ontario'],//*[@title='Ontario'],//*[@title='Ontario'],//*[@title='Ontario'],//*[@title='Ontario'],//*[@title='Ontario'],//*[@title='Ontario']
1,SHIPPING,continueToPayment,//button[@data-test-id='dp_continue_checkout' or @class='js-delivery-screen-continue-button'],//button[@data-test-id='dp_continue_checkout' or @class='js-delivery-screen-continue-button'],//button[@data-test-id='dp_continue_checkout' or @class='js-delivery-screen-continue-button'],//button[@data-test-id='dp_continue_checkout' or @class='js-delivery-screen-continue-button'],//button[@data-test-id='dp_continue_checkout' or @class='js-delivery-screen-continue-button'],//button[@data-test-id='dp_continue_checkout' or @class='js-delivery-screen-continue-button'],//button[@data-test-id='dp_continue_checkout' or @class='js-delivery-screen-continue-button'],//button[@data-test-id='dp_continue_checkout' or @class='js-delivery-screen-continue-button'],//button[@data-test-id='dp_continue_checkout' or @class='js-delivery-screen-continue-button'],//button[@data-test-id='dp_continue_checkout' or @class='js-delivery-screen-continue-button'],//button[@data-test-id='dp_continue_checkout' or @class='js-delivery-screen-continue-button'],//button[@data-test-id='dp_continue_checkout' or @class='js-delivery-screen-continue-button'],//button[@data-test-id='dp_continue_checkout' or @class='js-delivery-screen-continue-button'],//button[@data-test-id='dp_continue_checkout' or @class='js-delivery-screen-continue-button'],//button[@data-test-id='dp_continue_checkout' or @class='js-delivery-screen-continue-button'],//button[@data-test-id='dp_continue_checkout' or @class='js-delivery-screen-continue-button'],//button[@data-test-id='dp_continue_checkout' or @class='js-delivery-screen-continue-button'],//button[@data-test-id='dp_continue_checkout' or @class='js-delivery-screen-continue-button'],//button[@data-test-id='dp_continue_checkout' or @class='js-delivery-screen-continue-button'],//button[@data-test-id='dp_continue_checkout' or @class='js-delivery-screen-continue-button']
1,PAYMENT,placeorder,"//*[contains(@class,'adyen-checkout__button__content')]","//button[contains(@class,'adyen-checkout__button adyen-checkout__button--pay')]","//button[contains(@class,'elc-radio-pay-button elc-button-spinner')]","//button[contains(@class,'chckt-button chckt-pm-list__button chckt-button--submit js-chckt-button--submit')]","//button[contains(@class,'js-chckt-button--submit')]",.chckt-button.chckt-pm-list__button.chckt-button--submit.js-chckt-button--submit,"//button[contains(@class,'elc-radio-pay-button elc-button-spinner')]",.chckt-button.chckt-pm-list__button.chckt-button--submit.js-chckt-button--submit,"//button[contains(@class,'elc-radio-pay-button elc-button-spinner')]","//button[contains(@class,'elc-radio-pay-button elc-button-spinner')]","//button[contains(@class,'elc-radio-pay-button elc-button-spinner')]",.chckt-button.chckt-pm-list__button.chckt-button--submit.js-chckt-button--submit,"//*[contains(@class,'adyen-checkout__button__content')]","//button[contains(@class,'js-chckt-button--submit')]","//button[contains(@class,'elc-radio-pay-button elc-button-spinner')]","//button[contains(@class,'elc-radio-pay-button elc-button-spinner')]",.chckt-button.chckt-pm-list__button.chckt-button--submit.js-chckt-button--submit,"//button[contains(@class,'elc-radio-pay-button elc-button-spinner')]","//button[contains(@class,'elc-radio-pay-button elc-button-spinner')]","//button[contains(@class,'elc-radio-pay-button elc-button-spinner')]"
1,ORDER,orderpagepopupclose,"//button[contains(@class,'brdialog-close invitation-navigation-element')] | //div[contains(@class,'brdialog-close invitation-navigation-element')] | //button[contains(@class,'cnx-closeoverlay invitation-navigation-element')] | //div[contains(@class,'cnx-closeoverlay invitation-navigation-element')]","//button[contains(@class,'brdialog-close invitation-navigation-element')] | //div[contains(@class,'brdialog-close invitation-navigation-element')] | //button[contains(@class,'cnx-closeoverlay invitation-navigation-element')] | //div[contains(@class,'cnx-closeoverlay invitation-navigation-element')]","//button[contains(@class,'brdialog-close invitation-navigation-element')] | //div[contains(@class,'brdialog-close invitation-navigation-element')] | //button[contains(@class,'cnx-closeoverlay invitation-navigation-element')] | //div[contains(@class,'cnx-closeoverlay invitation-navigation-element')]","//button[contains(@class,'brdialog-close invitation-navigation-element')] | //div[contains(@class,'brdialog-close invitation-navigation-element')] | //button[contains(@class,'invitation-navigation-element') or @aria-label='Close']","//button[contains(@class,'brdialog-close invitation-navigation-element')] | //div[contains(@class,'brdialog-close invitation-navigation-element')] | //button[contains(@class,'cnx-closeoverlay invitation-navigation-element')] | //div[contains(@class,'cnx-closeoverlay invitation-navigation-element')]","//div[contains(@class,'brdialog-close invitation-navigation-element')] | //button[contains(@class,'brdialog-close invitation-navigation-element')] | //button[contains(@class,'cnx-closeoverlay invitation-navigation-element')] | //div[contains(@class,'cnx-closeoverlay invitation-navigation-element')]","//button[contains(@class,'brdialog-close invitation-navigation-element')] | //div[contains(@class,'brdialog-close invitation-navigation-element')] | //button[contains(@class,'cnx-closeoverlay invitation-navigation-element')] | //div[contains(@class,'cnx-closeoverlay invitation-navigation-element')]","//button[contains(@class,'brdialog-close invitation-navigation-element')] | //div[contains(@class,'brdialog-close invitation-navigation-element')] | //button[contains(@class,'cnx-closeoverlay invitation-navigation-element')] | //div[contains(@class,'cnx-closeoverlay invitation-navigation-element')]","//button[contains(@class,'brdialog-close invitation-navigation-element')] | //div[contains(@class,'brdialog-close invitation-navigation-element')] | //button[contains(@class,'cnx-closeoverlay invitation-navigation-element')] | //div[contains(@class,'cnx-closeoverlay invitation-navigation-element')]","//button[contains(@class,'brdialog-close invitation-navigation-element')] | //div[contains(@class,'brdialog-close invitation-navigation-element')] | //button[contains(@class,'cnx-closeoverlay invitation-navigation-element')] | //div[contains(@class,'cnx-closeoverlay invitation-navigation-element')]","//button[contains(@class,'brdialog-close invitation-navigation-element')] | //div[contains(@class,'brdialog-close invitation-navigation-element')] | //button[contains(@class,'cnx-closeoverlay invitation-navigation-element')] | //div[contains(@class,'cnx-closeoverlay invitation-navigation-element')]","//div[contains(@class,'brdialog-close invitation-navigation-element')] | //button[contains(@class,'brdialog-close invitation-navigation-element')] | //button[contains(@class,'cnx-closeoverlay invitation-navigation-element')] | //div[contains(@class,'cnx-closeoverlay invitation-navigation-element')]","//div[contains(@class,'brdialog-close invitation-navigation-element')] | //button[contains(@class,'brdialog-close invitation-navigation-element')] | //button[contains(@class,'cnx-closeoverlay invitation-navigation-element')] | //div[contains(@class,'cnx-closeoverlay invitation-navigation-element')]","//div[contains(@class,'brdialog-close invitation-navigation-element')] | //button[contains(@class,'brdialog-close invitation-navigation-element')] | //button[contains(@class,'cnx-closeoverlay invitation-navigation-element')] | //div[contains(@class,'cnx-closeoverlay invitation-navigation-element')]","//button[contains(@class,'brdialog-close invitation-navigation-element')] | //div[contains(@class,'brdialog-close invitation-navigation-element')] | //button[contains(@class,'cnx-closeoverlay invitation-navigation-element')] | //div[contains(@class,'cnx-closeoverlay invitation-navigation-element')]","//button[contains(@class,'brdialog-close invitation-navigation-element')] | //div[contains(@class,'brdialog-close invitation-navigation-element')] | //button[contains(@class,'cnx-closeoverlay invitation-navigation-element')] | //div[contains(@class,'cnx-closeoverlay invitation-navigation-element')]","//button[contains(@class,'brdialog-close invitation-navigation-element')] | //div[contains(@class,'brdialog-close invitation-navigation-element')] | //button[contains(@class,'cnx-closeoverlay invitation-navigation-element')] | //div[contains(@class,'cnx-closeoverlay invitation-navigation-element')]","//button[contains(@class,'brdialog-close invitation-navigation-element')] | //div[contains(@class,'brdialog-close invitation-navigation-element')] | //button[contains(@class,'cnx-closeoverlay invitation-navigation-element')] | //div[contains(@class,'cnx-closeoverlay invitation-navigation-element')]","//button[contains(@class,'brdialog-close invitation-navigation-element')] | //div[contains(@class,'brdialog-close invitation-navigation-element')] | //button[contains(@class,'cnx-closeoverlay invitation-navigation-element')] | //div[contains(@class,'cnx-closeoverlay invitation-navigation-element')]","//button[contains(@class,'brdialog-close invitation-navigation-element')] | //div[contains(@class,'brdialog-close invitation-navigation-element')] | //button[contains(@class,'cnx-closeoverlay invitation-navigation-element')] | //div[contains(@class,'cnx-closeoverlay invitation-navigation-element')]"
1,CHECKOUT,returnUserId,#form--checkout-_-checkout_signin--field--EMAIL_ADDRESS,#form--checkout-_-checkout_signin--field--EMAIL_ADDRESS,#form--checkout-_-checkout_signin--field--EMAIL_ADDRESS,#form--checkout-_-checkout_signin--field--EMAIL_ADDRESS,#form--checkout-_-checkout_signin--field--EMAIL_ADDRESS,#form--checkout-_-checkout_signin--field--LOGIN_ID,#form--checkout-_-checkout_signin--field--EMAIL_ADDRESS,#form--checkout-_-checkout_signin--field--EMAIL_ADDRESS,#form--checkout-_-checkout_signin--field--EMAIL_ADDRESS,#form--checkout-_-checkout_signin--field--EMAIL_ADDRESS,#form--checkout-_-checkout_signin--field--EMAIL_ADDRESS,#form--checkout-_-checkout_signin--field--EMAIL_ADDRESS,#form--checkout-_-checkout_signin--field--EMAIL_ADDRESS,#form--checkout-_-checkout_signin--field--EMAIL_ADDRESS,#form--checkout-_-checkout_signin--field--EMAIL_ADDRESS,#form--checkout-_-checkout_signin--field--EMAIL_ADDRESS,#form--checkout-_-checkout_signin--field--EMAIL_ADDRESS,#form--checkout-_-checkout_signin--field--EMAIL_ADDRESS,#form--checkout-_-checkout_signin--field--EMAIL_ADDRESS,#form--checkout-_-checkout_signin--field--EMAIL_ADDRESS
1,CHECKOUT,returnUserPwd,#form--checkout-_-checkout_signin--field--PASSWORD,#form--checkout-_-checkout_signin--field--PASSWORD,#form--checkout-_-checkout_signin--field--PASSWORD,#form--checkout-_-checkout_signin--field--PASSWORD,#form--checkout-_-checkout_signin--field--PASSWORD,#form--checkout-_-checkout_signin--field--PASSWORD,#form--checkout-_-checkout_signin--field--PASSWORD,#form--checkout-_-checkout_signin--field--PASSWORD,#form--checkout-_-checkout_signin--field--PASSWORD,#form--checkout-_-checkout_signin--field--PASSWORD,#form--checkout-_-checkout_signin--field--PASSWORD,#form--checkout-_-checkout_signin--field--PASSWORD,#form--checkout-_-checkout_signin--field--PASSWORD,#form--checkout-_-checkout_signin--field--PASSWORD,#form--checkout-_-checkout_signin--field--PASSWORD,#form--checkout-_-checkout_signin--field--PASSWORD,#form--checkout-_-checkout_signin--field--PASSWORD,#form--checkout-_-checkout_signin--field--PASSWORD,#form--checkout-_-checkout_signin--field--PASSWORD,#form--checkout-_-checkout_signin--field--PASSWORD
1,CHECKOUT,returnUserSigninButton,#checkout_signin-submit,#checkout_signin-submit,//*[@data-test-id='form_signin_continue'],#checkout_signin-submit,#checkout_signin-submit,#checkout_signin-submit,#checkout_signin-submit,#checkout_signin-submit,//*[@data-test-id='form_signin_continue'],//*[@data-test-id='form_signin_continue'],//*[@data-test-id='form_signin_continue'],//input[@data-test-id='form_signin_continue'],#checkout_signin-submit,#checkout_signin-submit,//*[@data-test-id='form_signin_continue'],//*[@data-test-id='form_signin_continue'],#checkout_signin-submit,//*[@data-test-id='form_signin_continue'],//*[@data-test-id='form_signin_continue'],//*[@data-test-id='form_signin_continue']
1,SHIPPING,returnUserAddNewAddress,"//div[contains(@class,'rc-new-address-label')]","//div[contains(@class,'rc-new-address-label')]","//div[contains(@class,'rc-new-address-label')]","//div[contains(@class,'rc-new-address-label')]","//div[contains(@class,'rc-new-address-label')]","//div[contains(@class,'rc-new-address-label')]","//div[contains(@class,'rc-new-address-label')]","//div[contains(@class,'rc-new-address-label')]","//div[contains(@class,'rc-new-address-label')]","//div[contains(@class,'rc-new-address-label')]","//div[contains(@class,'rc-new-address-label')]","//div[contains(@class,'rc-new-address-label')]","//div[contains(@class,'rc-new-address-label')]","//div[contains(@class,'rc-new-address-label')]","//div[contains(@class,'rc-new-address-label')]","//div[contains(@class,'rc-new-address-label')]","//div[contains(@class,'rc-new-address-label')]","//div[contains(@class,'rc-new-address-label')]","//div[contains(@class,'rc-new-address-label')]","//div[contains(@class,'rc-new-address-label')]"
1,SHIPPING,mobContinueToPayment,//button[@data-test-id='dp_continue_checkout' or @class='js-delivery-screen-continue-button'],//button[@data-test-id='dp_continue_checkout' or @class='js-delivery-screen-continue-button'],//button[@data-test-id='dp_continue_checkout' or @class='js-delivery-screen-continue-button'],//button[@data-test-id='dp_continue_checkout' or @class='js-delivery-screen-continue-button'],//button[@data-test-id='dp_continue_checkout' or @class='js-delivery-screen-continue-button'],//button[@data-test-id='dp_continue_checkout' or @class='js-delivery-screen-continue-button'],//button[@data-test-id='dp_continue_checkout' or @class='js-delivery-screen-continue-button'],//button[@data-test-id='dp_continue_checkout' or @class='js-delivery-screen-continue-button'],//button[@data-test-id='dp_continue_checkout' or @class='js-delivery-screen-continue-button'],//button[@data-test-id='dp_continue_checkout' or @class='js-delivery-screen-continue-button'],//button[@data-test-id='dp_continue_checkout' or @class='js-delivery-screen-continue-button'],//button[@data-test-id='dp_continue_checkout' or @class='js-delivery-screen-continue-button'],//button[@data-test-id='dp_continue_checkout' or @class='js-delivery-screen-continue-button'],//button[@data-test-id='dp_continue_checkout' or @class='js-delivery-screen-continue-button'],//button[@data-test-id='dp_continue_checkout' or @class='js-delivery-screen-continue-button'],//button[@data-test-id='dp_continue_checkout' or @class='js-delivery-screen-continue-button'],//button[@data-test-id='dp_continue_checkout' or @class='js-delivery-screen-continue-button'],//button[@data-test-id='dp_continue_checkout' or @class='js-delivery-screen-continue-button'],//button[@data-test-id='dp_continue_checkout' or @class='js-delivery-screen-continue-button'],//button[@data-test-id='dp_continue_checkout' or @class='js-delivery-screen-continue-button']
1,SHIPPING,editAddress,//*[@data-test-id='dp_edit_address'],//*[@data-test-id='dp_edit_address'],//*[@data-test-id='dp_edit_address'],//*[@data-test-id='dp_edit_address'],//*[@data-test-id='dp_edit_address'],//*[@data-test-id='dp_edit_address'],//*[@data-test-id='dp_edit_address'],//*[@data-test-id='dp_edit_address'],//*[@data-test-id='dp_edit_address'],//*[@data-test-id='dp_edit_address'],//*[@data-test-id='dp_edit_address'],//*[@data-test-id='dp_edit_address'],//*[@data-test-id='dp_edit_address'],//*[@data-test-id='dp_edit_address'],//*[@data-test-id='dp_edit_address'],//*[@data-test-id='dp_edit_address'],//*[@data-test-id='dp_edit_address'],//*[@data-test-id='dp_edit_address'],//*[@data-test-id='dp_edit_address'],//*[@data-test-id='dp_edit_address']
1,SHIPPING,saveEditAddress,//*[@data-test-id='dp_form_shipping_save_address_button'],//*[@data-test-id='dp_form_shipping_save_address_button'],//*[@data-test-id='dp_form_shipping_save_address_button'],//*[@data-test-id='dp_form_shipping_save_address_button'],//*[@data-test-id='dp_form_shipping_save_address_button'],//*[@data-test-id='dp_form_shipping_save_address_button'],//*[@data-test-id='dp_form_shipping_save_address_button'],//*[@data-test-id='dp_form_shipping_save_address_button'],//*[@data-test-id='dp_form_shipping_save_address_button'],//*[@data-test-id='dp_form_shipping_save_address_button'],//*[@data-test-id='dp_form_shipping_save_address_button'],//*[@data-test-id='dp_form_shipping_save_address_button'],//*[@data-test-id='dp_form_shipping_save_address_button'],//*[@data-test-id='dp_form_shipping_save_address_button'],//*[@data-test-id='dp_form_shipping_save_address_button'],//*[@data-test-id='dp_form_shipping_save_address_button'],//*[@data-test-id='dp_form_shipping_save_address_button'],//*[@data-test-id='dp_form_shipping_save_address_button'],//*[@data-test-id='dp_form_shipping_save_address_button'],//*[@data-test-id='dp_form_shipping_save_address_button']
1,SHIPPING,californiaEnterZipcode,,//input[@data-test-id='form_address_zipcode_field'],,,,,,,,,,,,,,,,,,
1,SHIPPING,addressvalidation,//div[@data-test-id='pp_shipping_address_card'],//div[@data-test-id='pp_shipping_address_card'],//div[@data-test-id='pp_shipping_address_card'],//div[@data-test-id='pp_shipping_address_card'],//div[@data-test-id='pp_shipping_address_card'],//div[@data-test-id='pp_shipping_address_card'],//div[@data-test-id='pp_shipping_address_card'],//div[@data-test-id='pp_shipping_address_card'],//div[@data-test-id='pp_shipping_address_card'],//div[@data-test-id='pp_shipping_address_card'],//div[@data-test-id='pp_shipping_address_card'],//div[@data-test-id='pp_shipping_address_card'],//div[@data-test-id='pp_shipping_address_card'],//div[@data-test-id='pp_shipping_address_card'],//div[@data-test-id='pp_shipping_address_card'],//div[@data-test-id='pp_shipping_address_card'],//div[@data-test-id='pp_shipping_address_card'],//div[@data-test-id='pp_shipping_address_card'],//div[@data-test-id='pp_shipping_address_card'],//div[@data-test-id='pp_shipping_address_card']
1,SHIPPING,apoEnterZipcode,//input[@data-test-id='form_address_zipcode_field'],//input[@data-test-id='form_address_zipcode_field'],//input[@data-test-id='form_address_zipcode_field'],,//input[@data-test-id='form_address_zipcode_field'],//input[@data-test-id='form_address_zipcode_field'],//input[@data-test-id='form_address_zipcode_field'],//input[@data-test-id='form_address_zipcode_field'],//input[@data-test-id='form_address_zipcode_field'],//input[@id='shipping-zip-code-input'],//input[@id='shipping-zip-code-input'],//input[@data-test-id='form_address_zipcode_field'],,,,,,,//input[@id='shipping-zip-code-input'],//input[@id='shipping-zip-code-input']
1,PAYMENT,psaEditShippingAddress,//*[@data-test-id='pp_edit_shipping_address_icon'],//*[@data-test-id='pp_edit_shipping_address_icon'],//*[@data-test-id='pp_edit_shipping_address_icon'],//*[@data-test-id='pp_edit_shipping_address_icon'],//*[@data-test-id='pp_edit_shipping_address_icon'],//*[@data-test-id='pp_edit_shipping_address_icon'],//*[@data-test-id='pp_edit_shipping_address_icon'],//*[@data-test-id='pp_edit_shipping_address_icon'],//*[@data-test-id='pp_edit_shipping_address_icon'],//*[@data-test-id='pp_edit_shipping_address_icon'],//*[@data-test-id='pp_edit_shipping_address_icon'],//*[@data-test-id='pp_edit_shipping_address_icon'],//*[@data-test-id='pp_edit_shipping_address_icon'],//*[@data-test-id='pp_edit_shipping_address_icon'],//*[@data-test-id='pp_edit_shipping_address_icon'],//*[@data-test-id='pp_edit_shipping_address_icon'],//*[@data-test-id='pp_edit_shipping_address_icon'],//*[@data-test-id='pp_edit_shipping_address_icon'],//*[@data-test-id='pp_edit_shipping_address_icon'],//*[@data-test-id='pp_edit_shipping_address_icon']
1,SHIPPING,psaEnterFirstName,//input[@data-test-id='shipping-first-name-input'],//input[@data-test-id='shipping-first-name-input'],//input[@data-test-id='shipping-first-name-input'],//input[@data-test-id='shipping-first-name-input'],//input[@data-test-id='shipping-first-name-input'],//input[@data-test-id='shipping-first-name-input'],//input[@data-test-id='shipping-first-name-input'],//input[@data-test-id='shipping-first-name-input'],//input[@data-test-id='shipping-first-name-input'],#shipping-first-name-input,#shipping-first-name-input,//input[@data-test-id='shipping-first-name-input'],//input[@data-test-id='shipping-first-name-input'],//input[@data-test-id='shipping-first-name-input'],//input[@data-test-id='shipping-first-name-input'],//input[@data-test-id='shipping-first-name-input'],//input[@data-test-id='shipping-first-name-input'],//input[@data-test-id='shipping-first-name-input'],#shipping-first-name-input,#shipping-first-name-input
1,SHIPPING,californiaAddressValidation,,"//div[contains(@class,'elc-notification-error js-notification-error')]",,,,,,,,,,,,,,,,,,
1,PAYMENT,ds1PlaceOrder,"(//*[contains(@class,'adyen-checkout__button__content')])[2]","(//*[contains(@class,'adyen-checkout__button__text')])[2]",,,,,,,,,,,"(//*[contains(@class,'adyen-checkout__button__content')])[2]",,,,,,,
1,SHIPPING,billingAddressCheckbox,//*[@data-test-id='dp_form_shipping_billing_same_address_checkbox'],//*[@data-test-id='dp_form_shipping_billing_same_address_checkbox'],//*[@data-test-id='dp_form_shipping_billing_same_address_checkbox'],//*[@data-test-id='dp_form_shipping_billing_same_address_checkbox'],//*[@data-test-id='dp_form_shipping_billing_same_address_checkbox'],//*[@data-test-id='dp_form_shipping_billing_same_address_checkbox'],//*[@data-test-id='dp_form_shipping_billing_same_address_checkbox'],//*[@data-test-id='dp_form_shipping_billing_same_address_checkbox'],//*[@data-test-id='dp_form_shipping_billing_same_address_checkbox'],//*[@data-test-id='dp_form_shipping_billing_same_address_checkbox'],//*[@data-test-id='dp_form_shipping_billing_same_address_checkbox'],//*[@data-test-id='dp_form_shipping_billing_same_address_checkbox'],//*[@data-test-id='dp_form_shipping_billing_same_address_checkbox'],//*[@data-test-id='dp_form_shipping_billing_same_address_checkbox'],//*[@data-test-id='dp_form_shipping_billing_same_address_checkbox'],//*[@data-test-id='dp_form_shipping_billing_same_address_checkbox'],//*[@data-test-id='dp_form_shipping_billing_same_address_checkbox'],//*[@data-test-id='dp_form_shipping_billing_same_address_checkbox'],//*[@data-test-id='dp_form_shipping_billing_same_address_checkbox'],//*[@data-test-id='dp_form_shipping_billing_same_address_checkbox']
1,SHIPPING,billingEnterFirstName,//input[@data-test-id='billing-first-name-input'],//input[@data-test-id='billing-first-name-input'],//input[@data-test-id='billing-first-name-input'],//input[@data-test-id='billing-first-name-input'],//input[@data-test-id='billing-first-name-input'],//input[@data-test-id='billing-first-name-input'],//input[@data-test-id='billing-first-name-input'],//input[@data-test-id='billing-first-name-input'],//input[@data-test-id='billing-first-name-input'],//input[@id='billing-first-name-input'],//input[@id='billing-first-name-input'],//input[@data-test-id='billing-first-name-input'],//input[@data-test-id='billing-first-name-input'],//input[@data-test-id='billing-first-name-input'],//input[@data-test-id='billing-first-name-input'],//input[@data-test-id='billing-first-name-input'],//input[@data-test-id='billing-first-name-input'],//input[@data-test-id='billing-first-name-input'],//input[@id='billing-first-name-input'],//input[@id='billing-first-name-input']
1,SHIPPING,billingEnterLastName,//input[@data-test-id='billing-last-name-input'],//input[@data-test-id='billing-last-name-input'],//input[@data-test-id='billing-last-name-input'],//input[@data-test-id='billing-last-name-input'],//input[@data-test-id='billing-last-name-input'],//input[@data-test-id='billing-last-name-input'],//input[@data-test-id='billing-last-name-input'],//input[@data-test-id='billing-last-name-input'],//input[@data-test-id='billing-last-name-input'],//input[@id='billing-last-name-input'],//input[@id='billing-last-name-input'],//input[@data-test-id='billing-last-name-input'],//input[@data-test-id='billing-last-name-input'],//input[@data-test-id='billing-last-name-input'],//input[@data-test-id='billing-last-name-input'],//input[@data-test-id='billing-last-name-input'],//input[@data-test-id='billing-last-name-input'],//input[@data-test-id='billing-last-name-input'],//input[@id='billing-last-name-input'],//input[@id='billing-last-name-input']
1,SHIPPING,billingEnterAddress1,//input[@data-test-id='form_billing_address_first_line_field'],//input[@data-test-id='form_billing_address_first_line_field'],//input[@data-test-id='form_billing_address_first_line_field'],//input[@data-test-id='form_billing_address_first_line_field'],//input[@data-test-id='form_billing_address_first_line_field'],//input[@data-test-id='form_billing_address_first_line_field'],//input[@data-test-id='form_billing_address_first_line_field'],//input[@data-test-id='form_billing_address_first_line_field'],//input[@data-test-id='form_billing_address_first_line_field'],//input[@id='billing-first-line-input'],//input[@id='billing-first-line-input'],//input[@data-test-id='form_billing_address_first_line_field'],//input[@data-test-id='form_billing_address_first_line_field'],//input[@data-test-id='form_billing_address_first_line_field'],//input[@data-test-id='form_billing_address_first_line_field'],//input[@data-test-id='form_billing_address_first_line_field'],//input[@data-test-id='form_billing_address_first_line_field'],//input[@data-test-id='form_billing_address_first_line_field'],//input[@id='billing-first-line-input'],//input[@id='billing-first-line-input']
1,SHIPPING,billingEnterAddress2,//input[@data-test-id='form_billing_address_second_line_field'],//input[@data-test-id='form_billing_address_second_line_field'],//input[@data-test-id='form_billing_address_second_line_field'],//input[@data-test-id='form_billing_address_second_line_field'],//input[@data-test-id='form_billing_address_second_line_field'],//input[@data-test-id='form_billing_address_second_line_field'],//input[@data-test-id='form_billing_address_second_line_field'],//input[@data-test-id='form_billing_address_second_line_field'],//input[@data-test-id='form_billing_address_second_line_field'],//input[@id='billing-second-line-input'],//input[@id='billing-second-line-input'],//input[@data-test-id='form_billing_address_second_line_field'],//input[@data-test-id='form_billing_address_second_line_field'],//input[@data-test-id='form_billing_address_second_line_field'],//input[@data-test-id='form_billing_address_second_line_field'],//input[@data-test-id='form_billing_address_second_line_field'],//input[@data-test-id='form_billing_address_second_line_field'],//input[@data-test-id='form_billing_address_second_line_field'],//input[@id='billing-second-line-input'],//input[@id='billing-second-line-input']
1,SHIPPING,billingEnterZipcode,//input[@data-test-id='form_billing_address_zipcode_field'],//input[@data-test-id='form_billing_address_zipcode_field'],//input[@data-test-id='form_billing_address_zipcode_field'],//input[@data-test-id='form_billing_address_zipcode_field'],//input[@data-test-id='form_billing_address_zipcode_field'],//input[@data-test-id='form_billing_address_zipcode_field'],//input[@data-test-id='form_billing_address_zipcode_field'],//input[@data-test-id='form_billing_address_zipcode_field'],//input[@data-test-id='form_billing_address_zipcode_field'],//input[@id='billing-zip-code-input'],//input[@id='billing-zip-code-input'],//input[@data-test-id='form_billing_address_zipcode_field'],//input[@data-test-id='form_billing_address_zipcode_field'],//input[@data-test-id='form_billing_address_zipcode_field'],//input[@data-test-id='form_billing_address_zipcode_field'],//input[@data-test-id='form_billing_address_zipcode_field'],//input[@data-test-id='form_billing_address_zipcode_field'],//input[@data-test-id='form_billing_address_zipcode_field'],//input[@id='billing-zip-code-input'],//input[@id='billing-zip-code-input']
1,SHIPPING,billingEnterPhone,//input[@id='billing-phone1-input'],//input[@id='billing-phone1-input'],//input[@id='billing-phone1-input'],//input[@id='billing-phone1-input'],//input[@id='billing-phone1-input'],//input[@id='billing-phone1-input'],//input[@id='billing-phone1-input'],//input[@id='billing-phone1-input'],//input[@id='billing-phone1-input'],//input[@id='billing-phone1-input'],//input[@id='billing-phone1-input'],//input[@id='billing-phone1-input'],//input[@id='billing-phone1-input'],//input[@id='billing-phone1-input'],//input[@id='billing-phone1-input'],//input[@id='billing-phone1-input'],//input[@id='billing-phone1-input'],//input[@id='billing-phone1-input'],//input[@id='billing-phone1-input'],//input[@id='billing-phone1-input']
1,PAYMENT,editAddressValidation,//*[@data-test-id='pp_shipping_address_card'],//*[@data-test-id='pp_shipping_address_card'],//*[@data-test-id='pp_shipping_address_card'],//*[@data-test-id='pp_shipping_address_card'],//*[@data-test-id='pp_shipping_address_card'],//*[@data-test-id='pp_shipping_address_card'],//*[@data-test-id='pp_shipping_address_card'],//*[@data-test-id='pp_shipping_address_card'],//*[@data-test-id='pp_shipping_address_card'],//*[@data-test-id='pp_shipping_address_card'],//*[@data-test-id='pp_shipping_address_card'],//*[@data-test-id='pp_shipping_address_card'],//*[@data-test-id='pp_shipping_address_card'],//*[@data-test-id='pp_shipping_address_card'],//*[@data-test-id='pp_shipping_address_card'],//*[@data-test-id='pp_shipping_address_card'],//*[@data-test-id='pp_shipping_address_card'],//*[@data-test-id='pp_shipping_address_card'],//*[@data-test-id='pp_shipping_address_card'],//*[@data-test-id='pp_shipping_address_card']
1,ADMIN,CookieRejectButton,//button[@id='onetrust-reject-all-handler'],//button[@id='onetrust-reject-all-handler'],//button[@id='onetrust-reject-all-handler'],//button[@id='onetrust-reject-all-handler'],//button[@id='onetrust-reject-all-handler'],//button[@id='onetrust-reject-all-handler'],//button[@id='onetrust-reject-all-handler'],//button[@id='onetrust-reject-all-handler'],//button[@id='onetrust-reject-all-handler'],//button[@id='onetrust-reject-all-handler'],//button[@id='onetrust-reject-all-handler'],//button[@id='onetrust-reject-all-handler'],//button[@id='onetrust-reject-all-handler'],//button[@id='onetrust-reject-all-handler'],//button[@id='onetrust-reject-all-handler'],//button[@id='onetrust-reject-all-handler'],//button[@id='onetrust-reject-all-handler'],//button[@id='onetrust-reject-all-handler'],//button[@id='onetrust-reject-all-handler'],//button[@id='onetrust-reject-all-handler']
1,VIEWCART,enterValidOfferCode,#form--offer_code--field--OFFER_CODE,#form--offer_code--field--OFFER_CODE,//input[@id='form--offer_code--field--OFFER_CODE'],//*[@id='form--offer_code--field--OFFER_CODE'],#form--offer_code--field--OFFER_CODE,#form--offer_code--field--OFFER_CODE,#form--offer_code--field--OFFER_CODE,#form--offer_code--field--OFFER_CODE,#form--offer_code--field--OFFER_CODE,//input[@id='form--offer_code--field--OFFER_CODE'],//input[@id='form--offer_code--field--OFFER_CODE'],#form--offer_code--field--OFFER_CODE,#form--offer_code--field--OFFER_CODE,//*[@data-test-id='form_offer_code_offercode'],//input[@id='form--offer_code--field--OFFER_CODE'],//input[@id='form--offer_code--field--OFFER_CODE'],#form--offer_code--field--OFFER_CODE,//input[@id='form--offer_code--field--OFFER_CODE'],//input[@id='form--offer_code--field--OFFER_CODE'],//input[@id='form--offer_code--field--OFFER_CODE']
1,VIEWCART,applyOfferButton,//*[@id='offer_code']/fieldset/div[2]/input,//*[@id='offer_code']/fieldset/div[2]/input,//*[@data-test-id='form_offer_code_apply'],//*[@id='offer_code']/fieldset/div[2]/input,//*[@data-test-id='form_offer_code_apply'],//*[@id='offer_code']/fieldset/div[2]/input,//*[@id='offer_code']/fieldset/div[2]/input,//*[@data-test-id='form_offercode_continue'],//*[@data-test-id='form_offer_code_apply'],//*[@data-test-id='form_offer_code_apply'],//*[@data-test-id='form_offer_code_apply'],//*[@id='offer_code']/fieldset/div[2]/input,//*[@id='offer_code']/fieldset/div[2]/input,//*[@data-test-id='form_offer_code_apply'],//*[@data-test-id='form_offer_code_apply'],//*[@data-test-id='form_offer_code_apply'],//*[@data-test-id='form_offercode_continue'],//*[@data-test-id='form_offer_code_apply'],//*[@data-test-id='form_offer_code_apply'],//*[@data-test-id='form_offer_code_apply']
1,VIEWCART,validOfferMsg,//*[@id='error_offer_deferred'],.js-offer-code-messages,//*[@id='offer_deferred..'],"//*[contains(@class,'offer-code__messages')]","//p[contains(@class,'offer-code-panel__message success')]",//*[@class='js-offer-code-messages'],,"//*[contains(@class,'offer-code-panel__message deferred')]",//*[@id='error_offer_criteria_met.1'],//*[@id='error_offer_do_not_defer'],//*[@id='offer_do_not_defer.. '],//*[@id='error_offer_criteria_met.1'],.js-error-messages,"//*[contains(@class,'offer-code-panel__message success')]",//*[@data-test-id='error_messages'],,//p[@class='offer-code-panel__message deferred'],//p[@class='offer-code-panel__message deferred'],//*[@id='error_offer_do_not_defer'],//*[@id='offer_do_not_defer.. ']
1,SHIPPING,selectBillingAddress,(//*[@data-test-id='dp_billing_saved_address'and@role='radio'])[1],(//*[@data-test-id='dp_billing_saved_address'and@role='radio'])[1],(//*[@data-test-id='dp_billing_saved_address'and@role='radio'])[1],(//*[@data-test-id='dp_billing_saved_address'and@role='radio'])[1],(//*[@data-test-id='dp_billing_saved_address'and@role='radio'])[1],(//*[@data-test-id='dp_billing_saved_address'and@role='radio'])[1],(//*[@data-test-id='dp_billing_saved_address'and@role='radio'])[1],(//*[@data-test-id='dp_billing_saved_address'and@role='radio'])[1],(//*[@data-test-id='dp_billing_saved_address'and@role='radio'])[1],(//div[@data-test-id='dp_billing_saved_address'and@role='radio'])[1],(//div[@data-test-id='dp_billing_saved_address'and@role='radio'])[1],(//*[@data-test-id='dp_billing_saved_address'and@role='radio'])[1],(//*[@data-test-id='dp_billing_saved_address'and@role='radio'])[1],(//*[@data-test-id='dp_billing_saved_address'and@role='radio'])[1],(//*[@data-test-id='dp_billing_saved_address'and@role='radio'])[1],(//*[@data-test-id='dp_billing_saved_address'and@role='radio'])[1],(//div[@data-test-id='dp_billing_saved_address'and@role='radio'])[1],(//*[@data-test-id='dp_billing_saved_address'and@role='radio'])[1],(//div[@data-test-id='dp_billing_saved_address'and@role='radio'])[1],(//div[@data-test-id='dp_billing_saved_address'and@role='radio'])[1]
1,PAYMENT,newCreditCard,(//*[@data-test-id='pp_radio_button_cc'])[2],(//*[@data-test-id='pp_radio_button_cc'])[2],(//*[@data-test-id='pp_radio_button_cc'])[2],(//*[@data-test-id='pp_radio_button_cc'])[2],(//*[@data-test-id='pp_radio_button_cc'])[2],(//*[@data-test-id='pp_radio_button_cc'])[2],(//*[@role='radio' and @data-test-id='pp_radio_button_cc'])[2],(//*[@data-test-id='pp_radio_button_cc'])[2],,(//*[@data-test-id='pp_radio_button_cc'])[2],(//*[@data-test-id='pp_radio_button_cc'])[2],(//*[@data-test-id='pp_radio_button_cc'])[2],(//*[@data-test-id='pp_radio_button_cc'])[2],(//*[@data-test-id='pp_radio_button_cc'])[2],,,(//*[@data-test-id='pp_radio_button_cc'])[2],,,
1,SHIPPING,editEnterFirstName,#edit-first-name-input,#edit-first-name-input,#edit-first-name-input,#edit-first-name-input,#edit-first-name-input,#edit-first-name-input,#edit-first-name-input,#edit-first-name-input,#edit-first-name-input,#edit-first-name-input,#edit-first-name-input,#edit-first-name-input,#edit-first-name-input,#edit-first-name-input,#edit-first-name-input,#edit-first-name-input,#edit-first-name-input,#edit-first-name-input,#edit-first-name-input,#edit-first-name-input
1,SHIPPING,apoAddressValidation,"//div[contains(@class,'elc-notification-error js-notification-error')]","//div[contains(@class,'elc-notification-error js-notification-error')]","//div[contains(@class,'elc-notification-error js-notification-error')]",,"//div[contains(@class,'elc-notification-error js-notification-error')]","//div[contains(@class,'elc-notification-error js-notification-error')]","//div[contains(@class,'elc-notification-error js-notification-error')]","//div[contains(@class,'elc-notification-error js-notification-error')]","//div[contains(@class,'elc-notification-error js-notification-error')]","//div[contains(@class,'elc-notification-error js-notification-error')]","//div[contains(@class,'elc-notification-error js-notification-error')]","//div[contains(@class,'elc-notification-error js-notification-error')]",,,,,"//div[contains(@class,'elc-notification-error js-notification-error')]",,"//div[contains(@class,'elc-notification-error js-notification-error')]","//div[contains(@class,'elc-notification-error js-notification-error')]"
1,SHIPPING,billingEnterCity,,,,,,,,,,,,,//input[@data-test-id='form_billing_address_city_field'],//input[@data-test-id='form_billing_address_city_field'],,//input[@data-test-id='form_billing_address_city_field'],//input[@data-test-id='form_billing_address_city_field'],//input[@data-test-id='form_billing_address_city_field'],//input[@id='billing-city-input'],//input[@id='billing-city-input']
1,SHIPPING,billingSelectState,,,,,,,,,,,,,//div[@data-test-id='form_billing_address_state_dropdown'],//div[@data-test-id='form_billing_address_state_dropdown'],//div[@data-test-id='form_billing_address_state_dropdown'],//div[@data-test-id='form_billing_address_state_dropdown'],//div[@data-test-id='form_billing_address_state_dropdown'],//div[@data-test-id='form_billing_address_state_dropdown'],//div[@data-test-id='form_billing_address_state_dropdown'],//div[@data-test-id='form_billing_address_state_dropdown']
1,SHIPPING,billingState,,,,,,,,,,,,,//*[@title='British Columbia'],//*[@title='British Columbia'],//*[@title='Ontario'],//*[@title='British Columbia'],//*[@title='British Columbia'],//*[@title='British Columbia'],//*[@title='British Columbia'],//*[@title='British Columbia']
1,SHIPPING,selectUseThisAddress,"//button[contains(@class,'lc-alert-keep-button js-alert-keep-button elc-button--outlined')]","//*[contains(@class,'elc-alert-use-button js-alert-user-button elc-button-spinner')]","//button[contains(@class,'lc-alert-keep-button js-alert-keep-button elc-button--outlined')]","//button[contains(@class,'lc-alert-keep-button js-alert-keep-button elc-button--outlined')]","//button[contains(@class,'lc-alert-keep-button js-alert-keep-button elc-button--outlined')]","//button[contains(@class,'lc-alert-keep-button js-alert-keep-button elc-button--outlined')]","//button[contains(@class,'lc-alert-keep-button js-alert-keep-button elc-button--outlined')]","//button[contains(@class,'lc-alert-keep-button js-alert-keep-button elc-button--outlined')]","//button[contains(@class,'lc-alert-keep-button js-alert-keep-button elc-button--outlined')]","//button[contains(@class,'lc-alert-keep-button js-alert-keep-button elc-button--outlined')]","//button[contains(@class,'lc-alert-keep-button js-alert-keep-button elc-button--outlined')]","//button[contains(@class,'lc-alert-keep-button js-alert-keep-button elc-button--outlined')]","//button[contains(@class,'lc-alert-keep-button js-alert-keep-button elc-button--outlined')]","//button[contains(@class,'lc-alert-keep-button js-alert-keep-button elc-button--outlined')]","//button[contains(@class,'lc-alert-keep-button js-alert-keep-button elc-button--outlined')]","//button[contains(@class,'lc-alert-keep-button js-alert-keep-button elc-button--outlined')]","//button[contains(@class,'lc-alert-keep-button js-alert-keep-button elc-button--outlined')]","//button[contains(@class,'lc-alert-keep-button js-alert-keep-button elc-button--outlined')]","//button[contains(@class,'lc-alert-keep-button js-alert-keep-button elc-button--outlined')]","//button[contains(@class,'lc-alert-keep-button js-alert-keep-button elc-button--outlined')]"
1,SHIPPING,californiaContinueToPayment,,//button[@data-test-id='dp_continue_checkout' or @class='js-delivery-screen-continue-button'],,,,,,,,,,,,,,,,,,
1,VIEWCART,increaseQtybtn,//*[@data-test-id='cart_select_quantity'],"//button[contains(@class,'js-cart-qty-plus cart-qty-plus')]",,,,,,,,,,,//*[@data-test-id='cart_select_quantity'],,,,,,,
1,VIEWCART,increaseDecreaseInSpp,TRUE,TRUE,,,,,,,,,,,TRUE,,,,,,,
1,VIEWCART,offerCodeAccordiion,,,,,,,,,,,,,,,//span[@data-test-id='checkout_offer_code_panel'],//span[@data-test-id='checkout_offer_code_panel'],,,,
1,PAYMENT,newRadialCreditCard,,,,,,,,,(//div[@role='radio'])[last()],,,,,,(//div[@role='radio'])[last()],(//div[@role='radio'])[last()],,(//div[@role='radio'])[last()],(//div[@role='radio'])[last()],(//div[@role='radio'])[last()]
1,PAYMENT,cvv,,,,,,,,"//*[contains(@id,'adyen-checkout-encryptedSecurityCode')]",,,,,,,,,"//*[contains(@id,'adyen-checkout-encryptedSecurityCode')]",,,
1,SHIPPING,inStorePick,,,,,div[role='tablist'] > button:nth-of-type(3),,,div[role='tablist'] > button:nth-of-type(3),,,div[role='tablist'] > button:nth-of-type(3),,,div[role='tablist'] > button:nth-of-type(3),,,div[role='tablist'] > button:nth-of-type(3),,,
1,SHIPPING,inventoryStatus,,,,,.item-availability-text,,,.item-availability-text,,,.item-availability-text,,,.item-availability-text,,,.item-availability-text,,,
1,SHIPPING,boFirstName,,,,,input#contact-info-first-name-input,,,input#contact-info-first-name-input,,,input#contact-info-first-name-input,,,input#contact-info-first-name-input,,,input#contact-info-first-name-input,,,
1,SHIPPING,boLastName,,,,,input#contact-info-last-name-input,,,input#contact-info-last-name-input,,,input#contact-info-last-name-input,,,input#contact-info-last-name-input,,,input#contact-info-last-name-input,,,
1,SHIPPING,boPhone,,,,,input#contact-info-number-input,,,input#contact-info-number-input,,,input#contact-info-number-input,,,input#contact-info-number-input,,,input#contact-info-number-input,,,
1,SHIPPING,boEmail,,,,,input#contact-info-email-input,,,input#contact-info-email-input,,,input#contact-info-email-input,,,input#contact-info-email-input,,,input#contact-info-email-input,,,
1,SHIPPING,billFirstName,,,,,input#billing-first-name-input,,,input#billing-first-name-input,,,input#billing-first-name-input,,,input#billing-first-name-input,,,input#billing-first-name-input,,,
1,SHIPPING,billLastName,,,,,input#billing-last-name-input,,,input#billing-last-name-input,,,input#billing-last-name-input,,,input#billing-last-name-input,,,input#billing-last-name-input,,,
1,SHIPPING,billAddress1,,,,,input#billing-first-line-input,,,input#billing-first-line-input,,,input#billing-first-line-input,,,input#billing-first-line-input,,,input#billing-first-line-input,,,
1,SHIPPING,billAddress2,,,,,input#billing-second-line-input,,,input#billing-second-line-input,,,input#billing-second-line-input,,,input#billing-second-line-input,,,input#billing-second-line-input,,,
1,SHIPPING,billZipcode,,,,,input#billing-zip-code-input,,,input#billing-zip-code-input,,,input#billing-zip-code-input,,,input#billing-zip-code-input,,,input#billing-zip-code-input,,,
1,SHIPPING,billPhone,,,,,//*[@id='billing-phone1-input'],,,//*[@id='billing-phone1-input'],,,//*[@id='billing-phone1-input'],,,//*[@id='billing-phone1-input'],,,//*[@id='billing-phone1-input'],,,
1,SHIPPING,billCity,,,,,input#billing-city-input,,,input#billing-city-input,,,input#billing-city-input,,,input#billing-city-input,,,input#billing-city-input,,,
1,CONFIG,productUrl,/shared/prodcat/sku_info.tmpl?SKU_ID=,/shared/prodcat/sku_info.tmpl?SKU_ID=,/shared/prodcat/sku_info.tmpl?SKU_ID=,/shared/prodcat/sku_info.tmpl?SKU_ID=,/shared/prodcat/sku_info.tmpl?SKU_ID=,/shared/prodcat/sku_info.tmpl?SKU_ID=,/shared/prodcat/sku_info.tmpl?SKU_ID=,/shared/prodcat/sku_info.tmpl?SKU_ID=,/shared/prodcat/sku_info.tmpl?SKU_ID=,/shared/prodcat/sku_info.tmpl?SKU_ID=,/shared/prodcat/sku_info.tmpl?SKU_ID=,/shared/prodcat/sku_info.tmpl?SKU_ID=,/shared/prodcat/sku_info.tmpl?SKU_ID=,/shared/prodcat/sku_info.tmpl?SKU_ID=,/shared/prodcat/sku_info.tmpl?SKU_ID=,/shared/prodcat/sku_info.tmpl?SKU_ID=,/shared/prodcat/sku_info.tmpl?SKU_ID=,/shared/prodcat/sku_info.tmpl?SKU_ID=,/shared/prodcat/sku_info.tmpl?SKU_ID=,/shared/prodcat/sku_info.tmpl?SKU_ID=
1,CONFIG,isShoppable,//*[@id='Sku_Details']/table[9]/tbody/tr[8]/td[3],//*[@id='Sku_Details']/table[9]/tbody/tr[8]/td[3],//*[@id='Sku_Details']/table[9]/tbody/tr[8]/td[3],//*[@id='Sku_Details']/table[9]/tbody/tr[8]/td[3],//*[@id='Sku_Details']/table[9]/tbody/tr[8]/td[3],//*[@id='Sku_Details']/table[9]/tbody/tr[8]/td[3],//*[@id='Sku_Details']/table[9]/tbody/tr[8]/td[3],//*[@id='Sku_Details']/table[9]/tbody/tr[8]/td[3],//*[@id='Sku_Details']/table[9]/tbody/tr[8]/td[3],//*[@id='Sku_Details']/table[9]/tbody/tr[8]/td[3],//*[@id='Sku_Details']/table[9]/tbody/tr[8]/td[3],//*[@id='Sku_Details']/table[9]/tbody/tr[8]/td[3],//*[@id='Sku_Details']/table[9]/tbody/tr[8]/td[3],//*[@id='Sku_Details']/table[9]/tbody/tr[8]/td[3],//*[@id='Sku_Details']/table[9]/tbody/tr[8]/td[3],//*[@id='Sku_Details']/table[9]/tbody/tr[8]/td[3],//*[@id='Sku_Details']/table[9]/tbody/tr[8]/td[3],//*[@id='Sku_Details']/table[9]/tbody/tr[8]/td[3],//*[@id='Sku_Details']/table[9]/tbody/tr[8]/td[3],//*[@id='Sku_Details']/table[9]/tbody/tr[8]/td[3]
1,SHIPPING,homeDelivery,,,,,div[role='tablist'] > button:nth-of-type(1),,,div[role='tablist'] > button:nth-of-type(1),,,div[role='tablist'] > button:nth-of-type(1),,,div[role='tablist'] > button:nth-of-type(1),,,div[role='tablist'] > button:nth-of-type(1),,,
1,SHIPPING,editDelivery,,,,,//*[@data-test-id='pp_edit_store_address_icon'],,,//*[@data-test-id='pp_edit_store_address_icon'],,,//*[@data-test-id='pp_edit_store_address_icon'],,,//*[@data-test-id='pp_edit_store_address_icon'],,,//*[@data-test-id='pp_edit_store_address_icon'],,,
1,SHIPPING,secondDayRadioButton,,,,,(//*[@data-test-id='dp_shipping_method_radio_button'])[2],,,(//*[@data-test-id='dp_shipping_method_radio_button'])[2],,,(//*[@data-test-id='dp_shipping_method_radio_button'])[2],,,(//*[@data-test-id='dp_shipping_method_radio_button'])[2],,,(//*[@data-test-id='dp_shipping_method_radio_button'])[2],,,
1,ORDER,orderLink,,,,,"//*[contains(@class,'confirmation-panel__order-number')]//a",,,//*[@data-test-id='order_id'],,,//*[@id='confirmation-number']/div/a,,,"//*[contains(@class,'confirmation-panel__order-number')]//a",,,//*[@data-test-id='order_id'],,,
1,ACCOUNT,orderAddressValidation,,,,,"//*[contains(@class,'js-shipping_address_container')]",,,"//*[contains(@class,'js-shipping-address-container')]",,,"//*[contains(@class,'trans_detail_item shipping_address_container')]",,,"//*[contains(@class,'js-shipping_address_container')]",,,"//*[contains(@class,'js-shipping-address-container')]",,,
1,SHIPPING,findStore,,,,,//input[@name='address'],,,//input[@name='address'],,,//input[@name='address'],,,//input[@name='address'],,,//input[@name='address'],,,
1,VIEWCART,giftwrap,,#form--checkout_giftwrap--field--GIFTWRAP,#form--checkout_giftwrap--field--GIFTWRAP,,#form--checkout_giftwrap--field--GIFTWRAP,#form--checkout_giftwrap--field--GIFTWRAP,#form--checkout_giftwrap--field--GIFTWRAP,#form--checkout_giftwrap--field--GIFTWRAP,,"//*[contains(@class,'giftwrap-panel__image')]","//*[contains(@class,'icon icon--plus toggle-icon js-collapse-section')]",#form--checkout_giftwrap--field--GIFTWRAP,,#form--checkout_giftwrap--field--GIFTWRAP,#form--checkout_giftwrap--field--GIFTWRAP,#form--checkout_giftwrap--field--GIFTWRAP,,,"//*[contains(@class,'giftwrap-panel__image')]","//*[contains(@class,'icon icon--plus toggle-icon js-collapse-section')]"
1,VIEWCART,updateButton,,"//*[contains(@class,'button checkout-buttons js-save-gift-options')]","//*[contains(@class,'gift-form-container__submit--btn js-gift-wrap-submit-btn')]",,"//*[contains(@class,'gift-form-container__submit--btn js-gift-wrap-submit-btn')]","//*[contains(@class,'gift-form-container__submit--btn js-gift-wrap-submit-btn')]","//*[contains(@class,'button checkout-buttons js-save-gift-options')]","//*[contains(@class,'gift-form-container__submit--btn js-gift-wrap-submit-btn')]",,"//*[contains(@class,'button checkout-buttons js-save-gift-options')]",#form--checkout_giftwrap--field--GIFT_WRAP_CHECKBOX,"//*[contains(@class,'gift-form-container__submit--btn js-gift-wrap-submit-btn')]",,"//*[contains(@class,'gift-form-container__submit--btn js-gift-wrap-submit-btn')]","//*[contains(@class,'gift-form-container__submit--btn js-gift-wrap-submit-btn')]","//*[contains(@class,'gift-form-container__submit--btn js-gift-wrap-submit-btn')]",,,"//*[contains(@class,'button checkout-buttons js-save-gift-options')]",#form--checkout_giftwrap--field--GIFT_WRAP_CHECKBOX
1,PAYMENT,giftwrapValidation,,//*[@data-test-id='dp_label_gift_wrap'],//*[@data-test-id='dp_label_gift_wrap'],,//*[@data-test-id='dp_label_gift_wrap'],//*[@data-test-id='dp_label_gift_wrap'],//*[@data-test-id='dp_label_gift_wrap'],//*[@data-test-id='dp_label_gift_wrap'],,//*[@data-test-id='dp_label_gift_wrap'],//*[@data-test-id='dp_label_gift_wrap'],//*[@data-test-id='dp_label_gift_wrap'],,//*[@data-test-id='dp_label_gift_wrap'],//*[@data-test-id='dp_label_gift_wrap'],//*[@data-test-id='dp_label_gift_wrap'],,,//*[@data-test-id='dp_label_gift_wrap'],//*[@data-test-id='dp_label_gift_wrap']
1,SHIPPING,selectDifferentStore,,,,,.select-store-custom-button,,,.select-store-custom-button,,,.select-store-custom-button,,,.select-store-custom-button,,,.select-store-custom-button,,,
1,PAYMENT,scvv,//*[@data-fieldtype='encryptedSecurityCode'],//*[@data-fieldtype='encryptedSecurityCode'],//*[@data-fieldtype='encryptedSecurityCode'],//*[@data-fieldtype='encryptedSecurityCode'],//*[@data-fieldtype='encryptedSecurityCode'],//*[@data-fieldtype='encryptedSecurityCode'],//*[@data-fieldtype='encryptedSecurityCode'],,,//*[@data-fieldtype='encryptedSecurityCode'],//*[@data-fieldtype='encryptedSecurityCode'],//*[@data-fieldtype='encryptedSecurityCode'],//*[@data-fieldtype='encryptedSecurityCode'],//*[@data-fieldtype='encryptedSecurityCode'],,,,,,
1,PAYMENT,newCreditCardSecond,,//*[@data-test-id='pp_radio_button_AdyenWeb_AWCCC'],,,,,,,,,,,,,,,,,,
1,PAYMENT,ccPayment,(//*[@data-test-id='pp_radio_button_cc'])[2],(//*[@data-test-id='pp_radio_button_cc'])[2],,,,,,,,,,,(//*[@data-test-id='pp_radio_button_cc'])[2],,,,,,,
1,PAYMENT,creditCardDetails,"//*[contains(@class,'adyen-checkout__button__content')]","//button[contains(@class,'adyen-checkout__button adyen-checkout__button--pay')]",,,,,,,,,,,"//*[contains(@class,'adyen-checkout__button__content')]",,,,,,,
1,PAYMENT,ccFieldId,//input[@data-fieldtype='encryptedCardNumber'],//input[@data-fieldtype='encryptedCardNumber'],,,,,,,,,,,//input[@data-fieldtype='encryptedCardNumber'],,,,,,,
1,PAYMENT,pcMonthYear,//input[@data-fieldtype='encryptedExpiryDate'],//input[@data-fieldtype='encryptedExpiryDate'],,,,,,,,,,,//input[@data-fieldtype='encryptedExpiryDate'],,,,,,,
1,PAYMENT,cvvFieldId,//input[@data-fieldtype='encryptedSecurityCode'],//input[@data-fieldtype='encryptedSecurityCode'],,,,,,,,,,,//input[@data-fieldtype='encryptedSecurityCode'],,,,,,,
1,PAYMENT,ccName,"//*[contains(@class,'adyen-checkout__card__holderName')]","//input[contains(@class,'adyen-checkout__card__holderName')]",,,,,,,,,,,"//*[contains(@class,'adyen-checkout__card__holderName')]",,,,,,,
1,CART,editProductPanel,"//*[contains(@class,'acac-shopping-bag-toggle-btn')]","//*[contains(@class,'acac-shopping-bag-toggle-btn')]",,,,,,,,,,,"//*[contains(@class,'acac-shopping-bag-toggle-btn')]",,,,,,,
1,CART,editProductLink,//*[@href ='/checkout/viewcart.tmpl'],//*[@href ='/checkout/viewcart.tmpl'],,,,,,,,,,,//*[@href ='/checkout/viewcart.tmpl'],,,,,,,
1,PAYMENT,username3ds,#username,#username,,,,,,,,,,,#username,,,,,,,
1,PAYMENT,password3ds,#password,#password,,,,,,,,,,,#password,,,,,,,
1,PAYMENT,submit3ds,//input[@value='Submit'],//input[@value='Submit'],,,,,,,,,,,//input[@value='Submit'],,,,,,,
1,CART,checkoutButtonId,(//a[@data-test-id='cart_primarycheckout'])[3],(//a[@class='checkout-buttons-content__item button continue-checkout'])[3],//*[@class='checkout-btns button'],(//a[@data-test-id='cart_primarycheckout'])[2],//a[@data-test-id='cart_primarycheckout'],//a[@data-test-id='cart_primarycheckout'],//a[@data-test-id='cart_primarycheckout' or @class='continue-checkout'] | (//a[@data-test-id='cart_primarycheckout' or @class='continue-checkout'])[3],"//a[contains(@class,'checkout-buttons-content__item button continue-checkout mobile-hidden') ]",//a[@data-test-id='cart_primarycheckout' or @class='continue-checkout'],"//div[contains(@class,'continue-buttons')] //a[@data-test-id='cart_primarycheckout' or @name='continue-checkout']",//a[@data-test-id='cart_primarycheckout' or @class='checkout-buttons'],//div[@class='checkout-buttons-content__container js-continue-buttons sticky-checkout-button mobile-hidden']//a[@data-test-id='cart_primarycheckout'],"//div[contains(@class,'checkout-panel--checkout-button')] //a[@data-test-id='cart_primarycheckout' or class='checkout-buttons-content__item button continue-checkout']",//a[@data-test-id='cart_primarycheckout'],//a[@data-test-id='cart_primarycheckout' or @class='checkout-btns button'],//a[@data-test-id='cart_primarycheckout' or @class='continue-checkout'],"//a[contains(@class,'checkout-buttons-content__item button continue-checkout mobile-hidden') ]",//a[@data-test-id='cart_primarycheckout' or @class='continue-checkout'],"//div[contains(@class,'continue-buttons')] //a[@data-test-id='cart_primarycheckout' or @name='continue-checkout']",//a[@data-test-id='cart_primarycheckout' or @class='checkout-buttons']
1,SAMPLES,selectSampleProduct,,,,,,,,,,,,,,,,,,,,
1,SAMPLES,continueSample1,(//a[@data-test-id='form_checkout_samples_continue']) | (//a[@data-test-id='form_checkout_samples_continue'])[1],(//a[@class='button js-continue-checkout-button'])[2],//*[@data-test-id='cart_primarycheckout_unhide'],,//input[@data-test-id='form_checkout_samples_continue' or @id='add-samples'],//*[@data-test-id='form_checkout_samples_continue'] | (//*[@data-test-id='cart_button_continuecheckout'])[1],//a[@data-test-id='form_checkout_samples_continue' or @class='btn-primary form-submit' or @value='Continue Checkout'],"//a[@data-test-id='form_checkout_samples_continue'] | //div[contains(@class,'samples-content__button samples-content__button--checkout')]//input[@value='Checkout']",//input[@data-test-id='form_checkout_samples_continue' or @class='btn btn-primary form-submit' or @value='Continue Checkout'],//a[@data-test-id='form_checkout_samples_continue' or @class='js-continue-checkout-button'],//input[@data-test-id='form_checkout_samples_continue' or @class='button--dark' or @id='add-samples'],"//div[contains(@class,'samples-content__button samples-content__button--checkout')]//a[@data-test-id='form_checkout_samples_continue']","//div[contains(@class,'checkout-panel--checkout-button')]//a[@data-test-id='form_checkout_samples_continue' or class='button checkout-button js-continue-checkout-button disabled']",//div[@data-test-id='form_checkout_samples_continue' or @class='continue-shopping__button'],"//a[contains(@class,'skip-to-checkout__link')] | //a[@class='samples_continue_checkout' or @id='no-thanks']",//a[@data-test-id='form_checkout_samples_continue' or @class='btn-primary form-submit' or @value='Continue Checkout'],"//div[contains(@class,'samples-content__button samples-content__button--checkout')]//input[@value='Checkout']",//input[@data-test-id='form_checkout_samples_continue' or @class='btn btn-primary form-submit' or @value='Continue Checkout'],//a[@data-test-id='form_checkout_samples_continue' or @class='js-continue-checkout-button'],//input[@data-test-id='form_checkout_samples_continue' or @id='add-samples']
1,SAMPLES,continueSample2,,"(//div[contains(@class,'samples-content__button samples-content__button--checkout')])[2]",//input[@data-test-id='form_checkout_samples_continue' or @id='add-samples'],,"//*[contains(@class,'js-wp-samples-content-tray-cta-continue-button')]",,//input[@data-test-id='form_checkout_samples_continue' or @class='btn-primary form-submit' or @value='Continue Checkout'],//div[@class='samples-content__button samples-content__button--checkout']//input[@class='button form-submit'],//*[@data-test-id='form_checkout_samples_continue'],,,,,"//*[contains(@class,'js-wp-samples-content-tray-cta-continue-button')]",//input[@data-test-id='form_checkout_samples_continue' or @id='add-samples'],//input[@data-test-id='form_checkout_samples_continue' or @class='btn-primary form-submit' or @value='Continue Checkout'],,,,
1,CHECKOUT,returnUserSigninLink,,,,//*[@id='sign-in-panel']/section/h5[2],,"//a[contains(@class,'js-return-user-link sign-in-page__link')]",,,,.form-item.form-item--full.sign-in-btn a.js-new-account-checkout.section-head__link.js-login-link.account-signin,,//a[@data-test-id='signin_link' or @class='js-new-account-checkout section-head__link js-login-link account-signin'],,,,,,,.form-item.form-item--full.sign-in-btn a.js-new-account-checkout.section-head__link.js-login-link.account-signin,#return-customer
1,CHECKOUT,mobReturnUserSigninLink,,,,,,,,,"//*[contains(@class,'checkout__toggle__return-user__link')]",,#return-customer,,,,,,,"//*[contains(@class,'checkout__toggle__return-user__link')]",,
1,VIEWCART,mobCheckoutViewCart,//*[@id='sticky-checkout-button']/a[1],//div[@id='sticky-checkout-button']/a,//a[@data-test-id='cart_primarycheckout_unhide'],"//*[contains(@class,'checkout-buttons-content__item button js-checkout-buttons-unhide continue-checkout')]",//a[@data-test-id='cart_primarycheckout_unhide'],//a[@data-test-id='cart_primarycheckout_unhide'],//a[@data-test-id='cart_primarycheckout_unhide'],//*[@data-test-id='cart_button_continue'],//a[@data-test-id='cart_primarycheckout_unhide' or @class='js-checkout-buttons-unhide'],#sticky-checkout-button a.js-checkout-buttons-unhide,.checkout-buttons.button.checkout_btn.button,//a[@class='checkout-buttons-content__item button continue-checkout button--black'],//*[@id='sticky-checkout-button']/a[1],//a[@data-test-id='cart_primarycheckout_unhide'],//a[@data-test-id='cart_primarycheckout_unhide'],//a[@data-test-id='cart_primarycheckout_unhide'],//*[@data-test-id='cart_button_continue'],//a[@data-test-id='cart_primarycheckout_unhide' or @class='js-checkout-buttons-unhide'],#sticky-checkout-button a.button.btn.btn--big.btn-primary.js-checkout-buttons-unhide,.checkout-buttons.button.checkout_btn.button
1,VIEWCART,mobCheckoutCreditCard,//div[@id='sticky-checkout-button-overlay']/a[2],"//div[contains(@class,'pc_hidden')]//a[@href='/checkout/samples.tmpl' or class='checkout-buttons-content__item button continue-checkout']",//a[@data-test-id='cart_primarycheckout'],(//*[@data-test-id='cart_primarycheckout'])[1],//a[@data-test-id='cart_primarycheckout'],//*[@id='sticky-checkout-button-overlay']/div/div[2]/a[1],(//*[@data-test-id='cart_primarycheckout'])[1],//*[@data-test-id='cart_primarycheckout'],//a[@data-test-id='cart_primarycheckout' or @class='afterpay-eligible'],#sticky-checkout-button-overlay a.checkout-buttons-content__item.button.continue-checkout,,,//*[@id='sticky-checkout-button-overlay']/a[2],//a[@data-test-id='cart_primarycheckout'],//a[@data-test-id='cart_primarycheckout'],//a[@data-test-id='cart_primarycheckout'],//*[@data-test-id='cart_primarycheckout'],//a[@data-test-id='cart_primarycheckout' or @class='afterpay-eligible'],#sticky-checkout-button-overlay a.checkout-buttons-content__item.button.continue-checkout,
1,SAMPLES,mobContinueSample1,//div[@class='samples-content__button--checkout']//a[@data-test-id='form_checkout_samples_continue'],"(//div[contains(@class,'samples-content__button samples-content__button--checkout')])[2]","//a[contains(@class,'skip-to-checkout__link')]",,//div[@data-test-id='form_checkout_samples_continue'],//*[@data-test-id='form_checkout_samples_continue'] | (//*[@data-test-id='cart_button_continuecheckout'])[1],//div[@data-test-id='form_checkout_samples_continue'] | //*[@data-test-id='form_checkout_samples_continue'],"//*[contains(@class,'samples-content__button samples-content__button--checkout')]/input","//input[contains(@class,'mobile_sticky_bottom')]",//a[@data-test-id='form_checkout_samples_continue' or @class='js-continue-checkout-button'],#add-samples,//div[@class='samples-content__button samples-content__button--checkout']//a[@data-test-id='form_checkout_samples_continue'],//div[@class='samples-content__button--checkout']//a[@data-test-id='form_checkout_samples_continue'],//div[@data-test-id='form_checkout_samples_continue'],//div[@class='samples__button--skip-link']//a,//a[@data-test-id='form_checkout_samples_continue'],"//*[contains(@class,'samples-content__button samples-content__button--checkout')]/input","//input[contains(@class,'mobile_sticky_bottom')]",//a[@data-test-id='form_checkout_samples_continue' or @class='js-continue-checkout-button'],//*[@id='add-samples']
1,SAMPLES,mobContinueSample2,,"(//a[contains(@class,'js-continue-checkout-button')])[2]",//input[@data-test-id='form_checkout_samples_continue' or @id='add-samples'],,"//*[contains(@class,'js-wp-samples-content-tray-cta-continue-button')]",,//input[@data-test-id='form_checkout_samples_continue' or @class='btn-primary form-submit' or @value='Continue Checkout'],"//*[contains(@class,'js-wp-samples-content-tray-cta-continue-button')]",,,//input[@data-test-id='form_checkout_samples_continue' or @class='button--dark' or @id='add-samples'],,,"//*[contains(@class,'js-wp-samples-content-tray-cta-continue-button')]",//input[@data-test-id='form_checkout_samples_continue' or @id='add-samples'],//input[@data-test-id='form_checkout_samples_continue' or @class='btn-primary form-submit' or @value='Continue Checkout'],"//*[contains(@class,'js-wp-samples-content-tray-cta-continue-button')]",,,//input[@data-test-id='form_checkout_samples_continue' or @id='add-samples']
1,ORDER,orderNumberClass,"//*[contains(@class,'confirmation-content__confirm-text')]","//*[contains(@class,'confirmation-content__confirm-text')]",//span[@data-test-id='order_id'] | //a[@data-test-id='order_id'],//*[@class='order-id'] | //a[@class='order-id'] | //a[@data-test-id='order_id'],"//*[contains(@class,'confirmation-panel__order-number')]",//span[@data-test-id='order_id'] | //a[@data-test-id='order_id'],//*[@data-test-id='order_id'],"//*[contains(@class,'confirmation-content__confirm-text')]",//span[@data-test-id='order_id'] | //a[@data-test-id='order_id'],//span[@data-test-id='order_id'] | //*[@data-test-id='order_id'],,,//span[@data-test-id='order_id'] | //a[@data-test-id='order_id'],//span[@class='confirmation-panel__order-number confirmation-panel__confirm-text confirmation-panel__confirm-text--not-signedin'] | //span[@class='confirmation-panel__order-number confirmation-panel__confirm-text confirmation-panel__confirm-text--signedin'],//span[@data-test-id='order_id'] | //a[@data-test-id='order_id'],//span[@data-test-id='order_id'] | //a[@data-test-id='order_id'],"//*[contains(@class,'confirmation-content__confirm-text')]",//span[@data-test-id='order_id'] | //a[@data-test-id='order_id'],//span[@data-test-id='order_id'] | //*[@data-test-id='order_id'],
1,CONFIG,waitingTime,5000,5000,5000,5000,5000,5000,5000,5000,5000,5000,5000,5000,5000,5000,5000,5000,5000,5000,5000,5000
1,CONFIG,existsTime,20000,20000,20000,20000,20000,20000,20000,20000,20000,20000,20000,20000,20000,20000,20000,20000,20000,20000,20000,20000
1,CONFIG,addToCart,"//*[contains(@href,'/checkout/viewcart.tmpl?_SUBMIT=cart')]","//*[contains(@href,'/checkout/viewcart.tmpl?_SUBMIT=cart')]","//*[contains(@href,'/checkout/viewcart.tmpl?_SUBMIT=cart')]","//*[contains(@href,'/checkout/viewcart.tmpl?_SUBMIT=cart')]","//*[contains(@href,'/checkout/viewcart.tmpl?_SUBMIT=cart')]","//*[contains(@href,'/checkout/viewcart.tmpl?_SUBMIT=cart')]","//*[contains(@href,'/checkout/viewcart.tmpl?_SUBMIT=cart')]","//*[contains(@href,'/checkout/viewcart.tmpl?_SUBMIT=cart')]","//*[contains(@href,'/checkout/viewcart.tmpl?_SUBMIT=cart')]","//*[contains(@href,'/checkout/viewcart.tmpl?_SUBMIT=cart')]","//*[contains(@href,'/checkout/viewcart.tmpl?_SUBMIT=cart')]","//*[contains(@href,'/checkout/viewcart.tmpl?_SUBMIT=cart')]","//*[contains(@href,'/checkout/viewcart.tmpl?_SUBMIT=cart')]","//*[contains(@href,'/checkout/viewcart.tmpl?_SUBMIT=cart')]","//*[contains(@href,'/checkout/viewcart.tmpl?_SUBMIT=cart')]","//*[contains(@href,'/checkout/viewcart.tmpl?_SUBMIT=cart')]","//*[contains(@href,'/checkout/viewcart.tmpl?_SUBMIT=cart')]","//*[contains(@href,'/checkout/viewcart.tmpl?_SUBMIT=cart')]","//*[contains(@href,'/checkout/viewcart.tmpl?_SUBMIT=cart')]","//*[contains(@href,'/checkout/viewcart.tmpl?_SUBMIT=cart')]"
1,PAYMENT,returnPlaceOrder,"(//button[contains(@class,'adyen-checkout__button adyen-checkout__button--pay')])[2]","(//button[contains(@class,'adyen-checkout__button adyen-checkout__button--pay')])[2]","(//button[contains(@class,'adyen-checkout__button adyen-checkout__button--pay')])[2]","(//button[contains(@class,'adyen-checkout__button adyen-checkout__button--pay')])[2]","(//button[contains(@class,'adyen-checkout__button adyen-checkout__button--pay')])[2]","(//button[contains(@class,'adyen-checkout__button adyen-checkout__button--pay')])[2]","(//button[contains(@class,'adyen-checkout__button adyen-checkout__button--pay')])[2]","(//button[contains(@class,'adyen-checkout__button adyen-checkout__button--pay')])[2]","//*[contains(@class,'elc-radio-pay-button elc-button-spinner')]","(//button[contains(@class,'adyen-checkout__button adyen-checkout__button--pay')])[2]","(//button[contains(@class,'adyen-checkout__button adyen-checkout__button--pay')])[2]","(//button[contains(@class,'adyen-checkout__button adyen-checkout__button--pay')])[2]","(//button[contains(@class,'adyen-checkout__button adyen-checkout__button--pay')])[2]","(//button[contains(@class,'adyen-checkout__button adyen-checkout__button--pay')])[2]","//*[contains(@class,'elc-radio-pay-button elc-button-spinner')]","//*[contains(@class,'elc-radio-pay-button elc-button-spinner')]","(//button[contains(@class,'adyen-checkout__button adyen-checkout__button--pay')])[2]","//*[contains(@class,'elc-radio-pay-button elc-button-spinner')]","//*[contains(@class,'elc-radio-pay-button elc-button-spinner')]","//*[contains(@class,'elc-radio-pay-button elc-button-spinner')]"
1,ORDER,orderPagePopup,"//button[contains(@class,'brdialog-close invitation-navigation-element')] | //div[contains(@class,'brdialog-close invitation-navigation-element')]","//button[contains(@class,'brdialog-close invitation-navigation-element')] | //div[contains(@class,'brdialog-close invitation-navigation-element')]","//button[contains(@class,'brdialog-close invitation-navigation-element')] | //div[contains(@class,'brdialog-close invitation-navigation-element')]","//button[contains(@class,'brdialog-close invitation-navigation-element')] | //div[contains(@class,'brdialog-close invitation-navigation-element')]","//button[contains(@class,'brdialog-close invitation-navigation-element')] | //div[contains(@class,'brdialog-close invitation-navigation-element')]","//div[contains(@class,'brdialog-close invitation-navigation-element')] | //button[contains(@class,'brdialog-close invitation-navigation-element')]","//button[contains(@class,'brdialog-close invitation-navigation-element')] | //div[contains(@class,'brdialog-close invitation-navigation-element')]","//button[contains(@class,'brdialog-close invitation-navigation-element')] | //div[contains(@class,'brdialog-close invitation-navigation-element')]","//button[contains(@class,'brdialog-close invitation-navigation-element')] | //div[contains(@class,'brdialog-close invitation-navigation-element')]","//div[contains(@class,'brdialog-close invitation-navigation-element')] | //button[contains(@class,'brdialog-close invitation-navigation-element')]","//div[contains(@class,'brdialog-close invitation-navigation-element')] | //button[contains(@class,'brdialog-close invitation-navigation-element')]","//button[contains(@class,'brdialog-close invitation-navigation-element')] | //div[contains(@class,'brdialog-close invitation-navigation-element')]","//div[contains(@class,'brdialog-close invitation-navigation-element')] | //button[contains(@class,'brdialog-close invitation-navigation-element')]","//div[contains(@class,'brdialog-close invitation-navigation-element')] | //button[contains(@class,'brdialog-close invitation-navigation-element')]","//button[contains(@class,'brdialog-close invitation-navigation-element')] | //div[contains(@class,'brdialog-close invitation-navigation-element')]","//div[contains(@class,'brdialog-close invitation-navigation-element')] | //button[contains(@class,'brdialog-close invitation-navigation-element')]","//button[contains(@class,'brdialog-close invitation-navigation-element')] | //div[contains(@class,'brdialog-close invitation-navigation-element')]","//button[contains(@class,'brdialog-close invitation-navigation-element')] | //div[contains(@class,'brdialog-close invitation-navigation-element')]","//div[contains(@class,'brdialog-close invitation-navigation-element')] | //button[contains(@class,'brdialog-close invitation-navigation-element')]","//div[contains(@class,'brdialog-close invitation-navigation-element')] | //button[contains(@class,'brdialog-close invitation-navigation-element')]"
1,ORDER,mobOrderPagePopup,"//button[contains(@class,'cnx-closeoverlay invitation-navigation-element')] | //div[contains(@class,'cnx-closeoverlay invitation-navigation-element')]","//button[contains(@class,'cnx-closeoverlay invitation-navigation-element')] | //div[contains(@class,'cnx-closeoverlay invitation-navigation-element')]","//button[contains(@class,'cnx-closeoverlay invitation-navigation-element')] | //div[contains(@class,'cnx-closeoverlay invitation-navigation-element')]","//button[contains(@class,'invitation-navigation-element') or @aria-label='Close']","//button[contains(@class,'cnx-closeoverlay invitation-navigation-element')] | //div[contains(@class,'cnx-closeoverlay invitation-navigation-element')]","//button[contains(@class,'cnx-closeoverlay invitation-navigation-element')] | //div[contains(@class,'cnx-closeoverlay invitation-navigation-element')]","//button[contains(@class,'cnx-closeoverlay invitation-navigation-element')] | //div[contains(@class,'cnx-closeoverlay invitation-navigation-element')]","//button[contains(@class,'cnx-closeoverlay invitation-navigation-element')] | //div[contains(@class,'cnx-closeoverlay invitation-navigation-element')]","//button[contains(@class,'cnx-closeoverlay invitation-navigation-element')] | //div[contains(@class,'cnx-closeoverlay invitation-navigation-element')]","//button[contains(@class,'cnx-closeoverlay invitation-navigation-element')] | //div[contains(@class,'cnx-closeoverlay invitation-navigation-element')]","//button[contains(@class,'cnx-closeoverlay invitation-navigation-element')] | //div[contains(@class,'cnx-closeoverlay invitation-navigation-element')]","//button[contains(@class,'cnx-closeoverlay invitation-navigation-element')] | //div[contains(@class,'cnx-closeoverlay invitation-navigation-element')]","//button[contains(@class,'cnx-closeoverlay invitation-navigation-element')] | //div[contains(@class,'cnx-closeoverlay invitation-navigation-element')]","//button[contains(@class,'cnx-closeoverlay invitation-navigation-element')] | //div[contains(@class,'cnx-closeoverlay invitation-navigation-element')]","//button[contains(@class,'cnx-closeoverlay invitation-navigation-element')] | //div[contains(@class,'cnx-closeoverlay invitation-navigation-element')]","//button[contains(@class,'cnx-closeoverlay invitation-navigation-element')] | //div[contains(@class,'cnx-closeoverlay invitation-navigation-element')]","//button[contains(@class,'cnx-closeoverlay invitation-navigation-element')] | //div[contains(@class,'cnx-closeoverlay invitation-navigation-element')]","//button[contains(@class,'cnx-closeoverlay invitation-navigation-element')] | //div[contains(@class,'cnx-closeoverlay invitation-navigation-element')]","//button[contains(@class,'cnx-closeoverlay invitation-navigation-element')] | //div[contains(@class,'cnx-closeoverlay invitation-navigation-element')]","//button[contains(@class,'cnx-closeoverlay invitation-navigation-element')] | //div[contains(@class,'cnx-closeoverlay invitation-navigation-element')]"
1,ORDER,placeOrderValidation,/checkout/confirm.tmpl,/checkout/confirm.tmpl,/checkout/confirm.tmpl,/checkout/confirm.tmpl,/checkout/confirm.tmpl,/checkout/confirm.tmpl,/checkout/confirm.tmpl,/checkout/confirm.tmpl,/checkout/confirm.tmpl,/checkout/confirm.tmpl,/checkout/confirm.tmpl,/checkout/confirm.tmpl,/checkout/confirm.tmpl,/checkout/confirm.tmpl,/checkout/confirm.tmpl,/checkout/confirm.tmpl,/checkout/confirm.tmpl,/checkout/confirm.tmpl,/checkout/confirm.tmpl,/checkout/confirm.tmpl
1,ORDER,orderConfirmationMsgId,//span[@data-test-id='order_id'] | //a[@data-test-id='order_id'],//*[@data-test-id='order_id'] | //*[@data-test-id='order_id'] | //span[@class='link'] | //a[@class='link'],//span[@data-test-id='order_id'] | //a[@data-test-id='order_id'],//*[@class='order-id'] | //a[@class='order-id'] | //a[@data-test-id='order_id'],//span[@class='confirmation-panel__order-number confirmation-panel__confirm-text confirmation-panel__confirm-text--not-signedin'] | //span[@class='confirmation-panel__order-number confirmation-panel__confirm-text confirmation-panel__confirm-text--signedin'],//span[@data-test-id='order_id'] | //a[@data-test-id='order_id'],//span[@data-test-id='order_id'] | //a[@data-test-id='order_id'],//span[@data-test-id='order_id'] | //a[@data-test-id='order_id'],//span[@data-test-id='order_id'] | //a[@data-test-id='order_id'],//span[@class='link'] | //a[@class='link'],//div[@data-test-id='order_id'] | //a[@data-test-id='order_id'],"//p[contains(@class,'confirmation-content__confirm-text--not-signed-in order-number')] | //p[contains(@class,'confirmation-content__confirm-text--signed-in order-number')] | //p[contains(@class,'confirmation-content__confirm-text--not-signed-in')]",//span[@data-test-id='order_id'] | //a[@data-test-id='order_id'],//span[@class='confirmation-panel__order-number confirmation-panel__confirm-text confirmation-panel__confirm-text--not-signedin'] | //span[@class='confirmation-panel__order-number confirmation-panel__confirm-text confirmation-panel__confirm-text--signedin'],//span[@data-test-id='order_id'] | //a[@data-test-id='order_id'],//span[@data-test-id='order_id'] | //a[@data-test-id='order_id'],//span[@data-test-id='order_id'] | //a[@data-test-id='order_id'],//span[@data-test-id='order_id'] | //a[@data-test-id='order_id'],//span[@class='link'] | //a[@class='link'],//div[@data-test-id='order_id'] | //a[@data-test-id='order_id']
1,CONFIG,physicalGiftCardUrl,,,,,/shared/prodcat/sku_info.tmpl?SKU_ID=144482,,,,,/shared/prodcat/sku_info.tmpl?SKU_ID=25295,/shared/prodcat/sku_info.tmpl?SKU_ID=21436,,,/shared/prodcat/sku_info.tmpl?SKU_ID=463,,,,,,
1,SHIPPING,newBillingAddress,//div[text()='New Billing Address'],//div[text()='New Billing Address'],//div[text()='New Billing Address'],//div[text()='New Billing Address'],//div[text()='New Billing Address'],//div[text()='New Billing Address'],//div[text()='New Billing Address'],//div[text()='New Billing Address'],//div[text()='New billing address'],//div[text()='New Billing Address'],//div[text()='Add New Billing Address'],//div[text()='New Billing Address'],//div[text()='New Billing Address'],//div[text()='New Billing Address'],//div[text()='New Billing Address'],//div[text()='New Billing Address'],//div[text()='New Billing Address'],//div[text()='New billing address'],//div[text()='New Billing Address'],//div[text()='Add New Billing Address']
